company,ticker,date,file,PERMNO,Ticker,IssuerNm,event_trading_day,next_call_date,car_m1_p3,n_days_car,long_run_start,long_run_end,long_run_abret,n_days_long_run,total_words,pres_words,qa_words,core_hits_total,core_hits_pres,core_hits_qa,adj_hits_total,adj_hits_pres,adj_hits_qa,lm_positive_total,lm_negative_total,lm_uncertainty_count_total,lm_tone_total,lm_uncertainty_total,lm_positive_pres,lm_negative_pres,lm_uncertainty_count_pres,lm_tone_pres,lm_uncertainty_pres,lm_positive_qa,lm_negative_qa,lm_uncertainty_count_qa,lm_tone_qa,lm_uncertainty_qa,fiscal_quarter,fiscal_year,fiscal_period,core_per_1000_total,core_per_1000_pres,core_per_1000_qa,adj_per_1000_total,adj_per_1000_pres,adj_per_1000_qa
Microsoft Corp,MSFT,2022-01-25,2022-Jan-25-MSFT.OQ-140806504057-Transcript.txt,10107,MSFT,MICROSOFT CORP,2022-01-25,2022-04-26,0.039140999999999995,5,2022-01-26,2022-04-25,-0.0029910000000000075,62,9526,5452,3936,5,4,1,14,7,7,153,48,79,0.5223880597014925,0.008754432624113476,99,18,40,0.6923076923076923,0.00777302759424796,54,29,39,0.30120481927710846,0.010361317747077577,2,2022,Q2 2022,0.5248792777661139,0.7336757153338225,0.2540650406504065,1.4696619777451185,1.2839325018341892,1.7784552845528454
Microsoft Corp,MSFT,2022-04-26,2022-Apr-26-MSFT.OQ-138905362958-Transcript.txt,10107,MSFT,MICROSOFT CORP,2022-04-26,2022-07-26,0.048218,5,2022-04-27,2022-07-25,0.017476000000000002,61,9923,5382,4399,13,5,8,12,5,7,130,76,103,0.2621359223300971,0.011000747623624907,79,40,49,0.3277310924369748,0.009735744089012517,51,35,54,0.18604651162790697,0.012826603325415678,3,2022,Q3 2022,1.3100876750982566,0.9290226681531029,1.8185951352580132,1.2093117000906983,0.9290226681531029,1.5912707433507616
Microsoft Corp,MSFT,2022-07-26,2022-Jul-26-MSFT.OQ-139232561311-Transcript.txt,10107,MSFT,MICROSOFT CORP,2022-07-26,2022-10-25,0.03709499999999999,5,2022-07-27,2022-10-24,0.022081000000000014,63,9703,6045,3512,9,9,0,3,3,0,112,90,81,0.10891089108910891,0.00886893682251177,83,54,48,0.2116788321167883,0.008477569763334511,29,35,33,-0.09375,0.009850746268656717,4,2022,Q4 2022,0.9275481809749562,1.488833746898263,0.0,0.30918272699165206,0.49627791563275436,0.0
Microsoft Corp,MSFT,2022-10-25,2022-Oct-25-MSFT.OQ-137469915199-Transcript.txt,10107,MSFT,MICROSOFT CORP,2022-10-25,2023-01-24,-0.061268,5,2022-10-26,2023-01-23,-0.06976600000000001,60,9893,5655,4096,20,6,14,6,4,2,129,85,99,0.205607476635514,0.010612069889591597,70,40,53,0.2727272727272727,0.010022692889561272,59,44,46,0.14563106796116504,0.011731701096659015,1,2023,Q1 2023,2.0216314565854647,1.0610079575596816,3.41796875,0.6064894369756394,0.7073386383731212,0.48828125
Microsoft Corp,MSFT,2023-01-24,2023-Jan-24-MSFT.OQ-139975820358-Transcript.txt,10107,MSFT,MICROSOFT CORP,2023-01-24,2023-04-25,0.008239000000000003,5,2023-01-25,2023-04-24,0.141857,62,9604,5633,3819,49,27,22,13,8,5,105,87,94,0.09375,0.010434010434010434,72,56,53,0.125,0.010129969418960244,33,30,41,0.047619047619047616,0.011242116808335619,2,2023,Q2 2023,5.1020408163265305,4.7931830285815735,5.760670332547788,1.3536026655560183,1.4202023788389844,1.3092432573972246
Microsoft Corp,MSFT,2023-04-25,2023-Apr-25-MSFT.OQ-139717566700-Transcript.txt,10107,MSFT,MICROSOFT CORP,2023-04-25,2023-07-25,0.070937,5,2023-04-26,2023-07-24,0.123525,61,9594,5475,3976,97,60,37,16,14,2,134,55,94,0.41798941798941797,0.010378712597990504,81,26,46,0.514018691588785,0.008972108445484689,53,28,48,0.30864197530864196,0.01260173273825151,3,2023,Q3 2023,10.110485720241819,10.95890410958904,9.305835010060363,1.6677089847821556,2.557077625570776,0.5030181086519115
Microsoft Corp,MSFT,2023-07-25,2023-Jul-25-MSFT.OQ-137462259693-Transcript.txt,10107,MSFT,MICROSOFT CORP,2023-07-25,2023-10-24,-0.023971,5,2023-07-26,2023-10-23,0.028720000000000006,63,10370,5550,4674,133,58,75,18,13,5,117,55,83,0.36046511627906974,0.008452138492871691,74,24,39,0.5102040816326531,0.0074985579696212265,43,30,44,0.1780821917808219,0.009786476868327402,4,2023,Q4 2023,12.825458052073287,10.450450450450452,16.046213093709884,1.7357762777242043,2.3423423423423424,1.069747539580659
Microsoft Corp,MSFT,2023-10-24,2023-Oct-24-MSFT.OQ-139993350133-Transcript.txt,10107,MSFT,MICROSOFT CORP,2023-10-24,2024-01-30,0.035571,5,2023-10-25,2024-01-29,0.06735700000000003,65,9429,5419,3869,96,66,30,15,13,2,148,49,82,0.5025380710659898,0.009197980931015143,81,16,50,0.6701030927835051,0.0098405825624877,67,32,32,0.35353535353535354,0.008613728129205921,1,2024,Q1 2024,10.181355392936684,12.17936888724857,7.7539415869733785,1.590836780146357,2.3989665990035065,0.5169294391315585
Microsoft Corp,MSFT,2024-01-30,2024-Jan-30-MSFT.OQ-139756114312-Transcript.txt,10107,MSFT,MICROSOFT CORP,2024-01-30,2024-04-25,0.007434000000000001,5,2024-01-31,2024-04-24,-0.02299600000000001,59,9864,5461,4249,146,86,60,10,10,0,114,49,81,0.3987730061349693,0.008692852543464262,70,20,36,0.5555555555555556,0.007058823529411765,44,28,45,0.2222222222222222,0.011013215859030838,2,2024,Q2 2024,14.801297648012977,15.748031496062993,14.120969639915273,1.013787510137875,1.8311664530305805,0.0
Microsoft Corp,MSFT,2024-04-25,2024-Apr-25-MSFT.OQ-140045891799-Transcript.txt,10107,MSFT,MICROSOFT CORP,2024-04-25,2024-07-30,-0.037207000000000004,5,2024-04-26,2024-07-29,-0.004226000000000004,64,9690,5215,4331,128,80,48,17,16,1,126,57,90,0.3770491803278688,0.009790057652561732,69,21,40,0.5333333333333333,0.008168266285480907,57,35,50,0.2391304347826087,0.011976047904191617,3,2024,Q3 2024,13.209494324045407,15.340364333652923,11.082890787347033,1.7543859649122808,3.0680728667305845,0.23089355806972986
Microsoft Corp,MSFT,2024-07-30,2024-Jul-30-MSFT.OQ-141078020593-Transcript.txt,10107,MSFT,MICROSOFT CORP,2024-07-30,2024-10-30,-0.014712000000000001,5,2024-07-31,2024-10-29,-0.044423000000000004,64,9498,5120,4273,108,76,32,9,9,0,85,53,91,0.2318840579710145,0.010137016820764176,47,19,47,0.42424242424242425,0.009820309235269536,38,33,44,0.07042253521126761,0.01071863580998782,4,2024,Q4 2024,11.37081490840177,14.84375,7.488883688275216,0.9475679090334808,1.7578125,0.0
Microsoft Corp,MSFT,2024-10-30,2024-Oct-30-MSFT.OQ-140385605447-Transcript.txt,10107,MSFT,MICROSOFT CORP,2024-10-30,2025-01-29,-0.024312,5,2024-10-31,2025-01-28,-0.00753199999999998,59,9988,5408,4477,157,99,58,14,11,3,131,57,78,0.39361702127659576,0.008218312085133284,74,20,38,0.574468085106383,0.007468553459119497,57,36,40,0.22580645161290322,0.009261403102570039,1,2025,Q1 2025,15.718862635162195,18.306213017751478,12.955103864194774,1.4016820184221066,2.0340236686390534,0.6700915791824883
Microsoft Corp,MSFT,2025-01-29,2025-Jan-29-MSFT.OQ-138570995652-Transcript.txt,10107,MSFT,MICROSOFT CORP,2025-01-29,2025-04-30,-0.05160300000000001,5,2025-01-30,2025-04-29,-0.033581999999999994,62,9394,5043,4232,137,84,53,15,14,1,131,47,67,0.47191011235955055,0.007477678571428572,76,26,37,0.49019607843137253,0.007782919646613378,55,20,30,0.4666666666666667,0.007304601899196494,2,2025,Q2 2025,14.583776878858847,16.65675193337299,12.523629489603024,1.596763891845859,2.776125322228832,0.23629489603024575
Microsoft Corp,MSFT,2025-04-30,2025-Apr-30-MSFT.OQ-138764337865-Transcript.txt,10107,MSFT,MICROSOFT CORP,2025-04-30,2025-07-30,0.091225,5,2025-05-01,2025-07-29,0.13157200000000002,61,8780,4787,3889,100,66,34,14,12,2,133,56,88,0.4074074074074074,0.010585829423794057,58,22,36,0.45,0.008033920999776836,75,33,52,0.3888888888888889,0.013877768881772085,3,2025,Q3 2025,11.389521640091116,13.787340714434928,8.742607354075599,1.5945330296127562,2.5067892208063505,0.5142710208279764
Microsoft Corp,MSFT,2025-07-30,2025-Jul-30-MSFT.OQ-138037442168-Transcript.txt,10107,MSFT,MICROSOFT CORP,2025-07-30,2025-10-29,0.05503500000000001,5,2025-07-31,2025-10-28,-0.02262099999999998,63,8823,4766,3946,103,70,33,13,12,1,121,39,73,0.5125,0.008777203318504269,82,19,33,0.6237623762376238,0.007439134355275023,39,19,40,0.3448275862068966,0.010554089709762533,4,2025,Q4 2025,11.674033775359854,14.687368862778012,8.362899138367968,1.4734217386376516,2.517834662190516,0.25342118601115055
Microsoft Corp,MSFT,2025-10-29,2025-Oct-29-MSFT.OQ-141148926334-Transcript.txt,10107,MSFT,MICROSOFT CORP,2025-10-29,,-0.021129,5,2025-10-30,2025-12-31,-0.106257,43,9492,4725,4657,118,88,30,12,11,1,112,48,94,0.4,0.010472370766488414,59,17,33,0.5526315789473685,0.007459312839059674,53,30,61,0.27710843373493976,0.013670999551770506,1,2026,Q1 2026,12.431521281078803,18.624338624338623,6.441915396177796,1.2642225031605563,2.328042328042328,0.21473051320592657
Meta Platforms Inc,META,2022-02-02,2022-Feb-02-META.OQ-138436084443-Transcript.txt,13407,META,META PLATFORMS INC,2022-02-02,2022-04-27,-0.282629,5,2022-02-03,2022-04-26,-0.427675,57,11008,4730,6101,13,9,4,3,1,2,122,96,87,0.11926605504587157,0.00825505266154284,81,25,24,0.5283018867924528,0.005351170568561873,41,70,63,-0.26126126126126126,0.010679776233259875,4,2021,Q4 2021,1.1809593023255813,1.9027484143763214,0.6556302245533518,0.27252906976744184,0.2114164904862579,0.3278151122766759
Meta Platforms Inc,META,2022-04-27,2022-Apr-27-META.OQ-138642072872-Transcript.txt,13407,META,META PLATFORMS INC,2022-04-27,2022-07-27,0.169724,5,2022-04-28,2022-07-26,0.015295999999999983,61,10680,4360,6142,30,16,14,5,4,1,161,99,90,0.23846153846153847,0.008786488333496045,74,34,25,0.37037037037037035,0.006012506012506013,87,64,65,0.152317880794702,0.01096306291111486,1,2022,Q1 2022,2.8089887640449436,3.669724770642202,2.2793878215564964,0.4681647940074906,0.9174311926605505,0.16281341582546402
Meta Platforms Inc,META,2022-07-27,2022-Jul-27-META.OQ-137344861141-Transcript.txt,13407,META,META PLATFORMS INC,2022-07-27,2022-10-26,-0.07375000000000001,5,2022-07-28,2022-10-25,-0.15241699999999997,63,11032,5037,5811,43,22,21,4,3,1,176,104,81,0.2571428571428571,0.007662472802951471,81,45,34,0.2857142857142857,0.007067137809187279,95,58,47,0.24183006535947713,0.008394356135024112,2,2022,Q2 2022,3.897751994198695,4.367679174111574,3.613835828600929,0.36258158085569253,0.5955926146515784,0.17208742040956806
Meta Platforms Inc,META,2022-10-26,2022-Oct-26-META.OQ-140455448219-Transcript.txt,13407,META,META PLATFORMS INC,2022-10-26,2023-02-01,-0.314349,5,2022-10-27,2023-01-31,0.12563699999999994,65,10217,3788,6270,34,12,22,2,2,0,135,74,102,0.291866028708134,0.010511129431162407,57,24,35,0.4074074074074074,0.009875846501128669,78,49,67,0.2283464566929134,0.011120331950207469,3,2022,Q3 2022,3.327787021630616,3.1678986272439285,3.5087719298245617,0.1957521777429774,0.5279831045406547,0.0
Meta Platforms Inc,META,2023-02-01,2023-Feb-01-META.OQ-140132181850-Transcript.txt,13407,META,META PLATFORMS INC,2023-02-01,2023-04-26,0.236653,5,2023-02-02,2023-04-25,0.363028,57,10453,3621,6657,47,20,27,5,1,4,185,102,92,0.289198606271777,0.009223057644110275,86,37,31,0.3983739837398374,0.009077598828696925,99,64,61,0.2147239263803681,0.009519350811485644,4,2022,Q4 2022,4.496316846838228,5.5233360950013815,4.0558810274898605,0.47833157945087534,0.27616680475006905,0.6008712633318312
Meta Platforms Inc,META,2023-04-26,2023-Apr-26-META.OQ-138026789863-Transcript.txt,13407,META,META PLATFORMS INC,2023-04-26,2023-07-26,0.13885599999999998,5,2023-04-27,2023-07-25,0.238536,61,10415,3948,6299,71,34,37,5,5,0,231,91,67,0.43478260869565216,0.006737053795877326,107,29,25,0.5735294117647058,0.006704210244033253,124,61,42,0.34054054054054056,0.00691699604743083,1,2023,Q1 2023,6.817090734517523,8.611955420466058,5.873948245753294,0.48007681228996635,1.2664640324214793,0.0
Meta Platforms Inc,META,2023-07-26,2023-Jul-26-META.OQ-140516051430-Transcript.txt,13407,META,META PLATFORMS INC,2023-07-26,2023-10-25,0.081379,5,2023-07-27,2023-10-24,0.13543700000000006,63,11196,3906,7164,73,32,41,2,2,0,189,81,88,0.4,0.008247422680412371,90,19,29,0.6513761467889908,0.007839956745066235,99,61,59,0.2375,0.008590564938846825,2,2023,Q2 2023,6.520185780635941,8.19252432155658,5.723059743160246,0.1786352268667381,0.5120327700972862,0.0
Meta Platforms Inc,META,2023-10-25,2023-Oct-25-META.OQ-138165442085-Transcript.txt,13407,META,META PLATFORMS INC,2023-10-25,2024-02-01,-0.022962999999999997,5,2023-10-26,2024-01-31,0.12058200000000002,66,10404,4545,5719,84,49,35,2,2,0,193,70,92,0.467680608365019,0.009231386714830423,99,20,28,0.6638655462184874,0.006502554575011612,94,49,64,0.3146853146853147,0.011546094172830597,3,2023,Q3 2023,8.073817762399077,10.78107810781078,6.119951040391677,0.1922337562475971,0.44004400440044006,0.0
Meta Platforms Inc,META,2024-02-01,2024-Feb-01-META.OQ-139277091161-Transcript.txt,13407,META,META PLATFORMS INC,2024-02-01,2024-04-24,0.144535,5,2024-02-02,2024-04-23,0.22304200000000002,56,10291,5245,4901,82,49,33,3,2,1,204,52,89,0.59375,0.009038285772316442,119,17,27,0.75,0.005407570598838373,85,34,62,0.42857142857142855,0.013102282333051564,4,2023,Q4 2023,7.968127490039841,9.342230695900858,6.73331973066721,0.29151685939170147,0.3813155386081983,0.20403999183840033
Meta Platforms Inc,META,2024-04-24,2024-Apr-24-META.OQ-139919930949-Transcript.txt,13407,META,META PLATFORMS INC,2024-04-24,2024-07-31,-0.12170600000000001,5,2024-04-25,2024-07-30,-0.11420999999999999,66,9934,4168,5599,105,60,45,6,4,2,209,45,71,0.6456692913385826,0.007452503411357195,97,13,23,0.7636363636363637,0.0057730923694779114,112,31,48,0.5664335664335665,0.008890535284311909,1,2024,Q1 2024,10.56976041876384,14.395393474088293,8.037149490980532,0.6039863096436481,0.9596928982725528,0.3572066440435792
Meta Platforms Inc,META,2024-07-31,2024-Jul-31-META.OQ-140016361526-Transcript.txt,13407,META,META PLATFORMS INC,2024-07-31,2024-10-30,0.076648,5,2024-08-01,2024-10-29,0.17559900000000003,63,10190,4303,5778,112,58,54,3,1,2,233,35,75,0.7388059701492538,0.007652280379553107,128,12,27,0.8285714285714286,0.006509161041465767,105,22,48,0.6535433070866141,0.008628437893223082,2,2024,Q2 2024,10.99116781157998,13.478968161747618,9.345794392523365,0.29440628066732094,0.23239600278875203,0.34614053305642095
Meta Platforms Inc,META,2024-10-30,2024-Oct-30-META.OQ-138431724945-Transcript.txt,13407,META,META PLATFORMS INC,2024-10-30,2025-01-29,-0.012364999999999998,5,2024-10-31,2025-01-28,0.09131500000000001,59,9519,3716,5680,80,29,51,3,2,1,172,46,78,0.5779816513761468,0.008517143481109412,80,7,23,0.8390804597701149,0.006491673722833756,92,38,55,0.4153846153846154,0.00998003992015968,3,2024,Q3 2024,8.404244143292363,7.8040904198062435,8.97887323943662,0.31515915537346356,0.5382131324004306,0.17605633802816903
Meta Platforms Inc,META,2025-01-29,2025-Jan-29-META.OQ-140744913356-Transcript.txt,13407,META,META PLATFORMS INC,2025-01-29,2025-04-30,0.057638,5,2025-01-30,2025-04-29,-0.100254,62,9933,3938,5887,99,37,62,3,2,1,188,43,69,0.6277056277056277,0.007274644175013179,90,14,16,0.7307692307692307,0.004288394532296971,98,28,53,0.5555555555555556,0.009355692850838482,4,2024,Q4 2024,9.966777408637872,9.395632300660234,10.531679972821472,0.30202355783751134,0.5078720162519045,0.16986580601324952
Meta Platforms Inc,META,2025-04-30,2025-Apr-30-META.OQ-137719350736-Transcript.txt,13407,META,META PLATFORMS INC,2025-04-30,2025-07-30,0.067383,5,2025-05-01,2025-07-29,0.11929100000000004,61,9736,4609,5013,107,59,48,3,1,2,178,45,75,0.5964125560538116,0.007971091508130513,117,7,20,0.8870967741935484,0.0045136538027533285,61,37,55,0.24489795918367346,0.011263567479008805,1,2025,Q1 2025,10.99013968775678,12.80104144065958,9.57510472770796,0.30813475760065734,0.21696680407897592,0.39896269698783166
Meta Platforms Inc,META,2025-07-30,2025-Jul-30-META.OQ-137950543273-Transcript.txt,13407,META,META PLATFORMS INC,2025-07-30,2025-10-29,0.095688,5,2025-07-31,2025-10-28,0.008158999999999963,63,10013,4540,5367,82,46,36,3,2,1,192,40,63,0.6551724137931034,0.00655840099937539,122,8,22,0.8769230769230769,0.005066789497927222,70,31,41,0.38613861386138615,0.007919644581804134,2,2025,Q2 2025,8.18935384000799,10.13215859030837,6.707657909446619,0.2996105063417557,0.4405286343612335,0.1863238308179616
Meta Platforms Inc,META,2025-10-29,2025-Oct-29-META.OQ-139890572661-Transcript.txt,13407,META,META PLATFORMS INC,2025-10-29,,-0.15005,5,2025-10-30,2025-12-31,-0.115445,43,10062,4096,5831,68,35,33,9,3,6,244,29,63,0.7875457875457875,0.006535947712418301,117,10,18,0.84251968503937,0.004591836734693878,127,18,45,0.7517241379310344,0.008029978586723769,3,2025,Q3 2025,6.758099781355596,8.544921875,5.659406619790773,0.8944543828264758,0.732421875,1.0289830217801406
Apple Inc,AAPL,2022-01-27,2022-Jan-27-AAPL.OQ-138984465849-Transcript.txt,14593,AAPL,APPLE INC,2022-01-27,2022-04-28,0.04965800000000001,5,2022-01-28,2022-04-27,0.020629000000000015,62,8687,3308,5219,0,0,0,0,0,0,138,71,81,0.32057416267942584,0.009861212563915266,76,18,19,0.6170212765957447,0.006091696056428343,62,51,62,0.09734513274336283,0.012507565059511802,1,2022,Q1 2022,0.0,0.0,0.0,0.0,0.0,0.0
Apple Inc,AAPL,2022-04-28,2022-Apr-28-AAPL.OQ-138491813375-Transcript.txt,14593,AAPL,APPLE INC,2022-04-28,2022-07-28,0.01686500000000001,5,2022-04-29,2022-07-27,0.031419,61,8905,3257,5487,0,0,0,0,0,0,127,85,88,0.19811320754716982,0.01042654028436019,80,22,26,0.5686274509803921,0.008480104370515329,47,62,62,-0.13761467889908258,0.011845624761176921,2,2022,Q2 2022,0.0,0.0,0.0,0.0,0.0,0.0
Apple Inc,AAPL,2022-07-28,2022-Jul-28-AAPL.OQ-139999304673-Transcript.txt,14593,AAPL,APPLE INC,2022-07-28,2022-10-27,0.011393000000000002,5,2022-07-29,2022-10-26,0.011232999999999993,63,8884,3165,5555,0,0,0,0,0,0,119,100,94,0.0867579908675799,0.011138760516648891,78,27,24,0.4857142857142857,0.008016032064128256,41,71,70,-0.26785714285714285,0.013202565069784986,3,2022,Q3 2022,0.0,0.0,0.0,0.0,0.0,0.0
Apple Inc,AAPL,2022-10-27,2022-Oct-27-AAPL.OQ-140449384074-Transcript.txt,14593,AAPL,APPLE INC,2022-10-27,2023-02-02,-0.011894000000000005,5,2022-10-28,2023-02-01,-0.06936000000000003,65,8687,3797,4744,0,0,0,0,0,0,158,75,81,0.3562231759656652,0.009872029250457038,96,28,19,0.5483870967741935,0.005307262569832402,62,45,62,0.1588785046728972,0.013768598711969797,4,2022,Q4 2022,0.0,0.0,0.0,0.0,0.0,0.0
Apple Inc,AAPL,2023-02-02,2023-Feb-02-AAPL.OQ-140682524715-Transcript.txt,14593,AAPL,APPLE INC,2023-02-02,2023-05-04,0.052134,5,2023-02-03,2023-05-03,0.144733,62,8726,3855,4706,2,0,2,0,0,0,121,86,62,0.16908212560386474,0.007537993920972644,78,32,19,0.41818181818181815,0.005235602094240838,43,52,43,-0.09473684210526316,0.009654243376740009,1,2023,Q1 2023,0.2292000916800367,0.0,0.42498937526561836,0.0,0.0,0.0
Apple Inc,AAPL,2023-05-04,2023-May-04-AAPL.OQ-139016265469-Transcript.txt,14593,AAPL,APPLE INC,2023-05-04,2023-08-03,0.016518000000000005,5,2023-05-05,2023-08-02,0.046504000000000004,61,8984,3389,5417,6,0,6,0,0,0,134,80,82,0.2523364485981308,0.009667531242631455,69,20,19,0.550561797752809,0.005952380952380952,65,58,62,0.056910569105691054,0.01207400194741967,2,2023,Q2 2023,0.6678539626001782,0.0,1.1076241462063872,0.0,0.0,0.0
Apple Inc,AAPL,2023-08-03,2023-Aug-03-AAPL.OQ-138336763416-Transcript.txt,14593,AAPL,APPLE INC,2023-08-03,2023-11-02,-0.06458900000000001,5,2023-08-04,2023-11-01,-0.019384999999999993,63,9088,3380,5538,9,0,9,0,0,0,150,79,81,0.31004366812227074,0.0094493700419972,81,21,19,0.5882352941176471,0.005972964476579692,69,56,62,0.104,0.011823035850495805,3,2023,Q3 2023,0.9903169014084506,0.0,1.6251354279523293,0.0,0.0,0.0
Apple Inc,AAPL,2023-11-02,2023-Nov-02-AAPL.OQ-140502977515-Transcript.txt,14593,AAPL,APPLE INC,2023-11-02,2024-02-01,0.020231,5,2023-11-03,2024-01-31,-0.076678,60,9169,3479,5515,16,0,16,0,0,0,138,76,71,0.2897196261682243,0.008223303219828585,78,25,19,0.5145631067961165,0.005810397553516819,60,49,52,0.10091743119266056,0.009980806142034549,4,2023,Q4 2023,1.7450103609990184,0.0,2.901178603807797,0.0,0.0,0.0
Apple Inc,AAPL,2024-02-01,2024-Feb-01-AAPL.OQ-139920838259-Transcript.txt,14593,AAPL,APPLE INC,2024-02-01,2024-05-02,0.004329000000000002,5,2024-02-02,2024-05-01,-0.11702499999999999,62,8390,3487,4751,22,4,18,0,0,0,149,67,60,0.37962962962962965,0.007625826131164209,83,21,16,0.5961538461538461,0.004920049200492005,66,45,44,0.1891891891891892,0.009812667261373774,1,2024,Q1 2024,2.622169249106079,1.1471178663607686,3.7886760681961693,0.0,0.0,0.0
Apple Inc,AAPL,2024-05-02,2024-May-02-AAPL.OQ-139087762017-Transcript.txt,14593,AAPL,APPLE INC,2024-05-02,2024-08-01,0.039477,5,2024-05-03,2024-07-31,0.17633900000000002,61,8802,3184,5425,28,7,21,2,0,2,133,63,81,0.35714285714285715,0.009750812567713976,72,21,21,0.5483870967741935,0.007046979865771812,61,41,59,0.19607843137254902,0.011447419480015522,2,2024,Q2 2024,3.1810952056350827,2.198492462311558,3.870967741935484,0.22722108611679165,0.0,0.3686635944700461
Apple Inc,AAPL,2024-08-01,2024-Aug-01-AAPL.OQ-140343799045-Transcript.txt,14593,AAPL,APPLE INC,2024-08-01,2024-10-31,-0.013575,5,2024-08-02,2024-10-30,-0.009565,63,8876,3114,5635,17,8,9,1,1,0,135,53,75,0.43617021276595747,0.008886255924170616,74,16,16,0.6444444444444445,0.005427408412483039,61,36,59,0.25773195876288657,0.010958395245170876,3,2024,Q3 2024,1.9152771518702119,2.569043031470777,1.5971606033717836,0.11266336187471834,0.3211303789338471,0.0
Apple Inc,AAPL,2024-10-31,2024-Oct-31-AAPL.OQ-140309238402-Transcript.txt,14593,AAPL,APPLE INC,2024-10-31,2025-01-30,-0.038765,5,2024-11-01,2025-01-29,0.0012129999999999901,59,8680,3260,5291,10,5,5,0,0,0,121,55,80,0.375,0.009693444807948625,68,10,14,0.7435897435897436,0.0045410314628608495,53,44,66,0.09278350515463918,0.013043478260869565,4,2024,Q4 2024,1.152073732718894,1.5337423312883436,0.945000945000945,0.0,0.0,0.0
Apple Inc,AAPL,2025-01-30,2025-Jan-30-AAPL.OQ-140412367254-Transcript.txt,14593,AAPL,APPLE INC,2025-01-30,2025-05-01,-0.020156999999999998,5,2025-01-31,2025-04-30,-0.0076809999999999995,62,8245,3196,4932,8,3,5,0,0,0,146,43,64,0.544973544973545,0.008218826248876333,83,15,11,0.6938775510204082,0.0036303630363036304,63,27,53,0.4,0.011375831723545825,1,2025,Q1 2025,0.9702850212249848,0.9386733416770964,1.013787510137875,0.0,0.0,0.0
Apple Inc,AAPL,2025-05-01,2025-May-01-AAPL.OQ-139206802972-Transcript.txt,14593,AAPL,APPLE INC,2025-05-01,2025-07-31,-0.069003,5,2025-05-02,2025-07-30,-0.14052399999999998,61,8546,3312,5119,23,13,10,1,0,1,105,57,94,0.2962962962962963,0.01161928306551298,61,15,19,0.6052631578947368,0.006103437198843559,44,41,74,0.03529411764705882,0.01516082769924196,2,2025,Q2 2025,2.691317575473906,3.92512077294686,1.9535065442469235,0.11701380762930025,0.0,0.19535065442469232
Apple Inc,AAPL,2025-07-31,2025-Jul-31-AAPL.OQ-138181423553-Transcript.txt,14593,AAPL,APPLE INC,2025-07-31,2025-10-30,-0.029508,5,2025-08-01,2025-10-29,0.18704099999999996,63,8775,3557,5098,31,11,20,1,1,0,124,46,77,0.4588235294117647,0.009269290959431804,90,11,17,0.7821782178217822,0.005038529934795495,34,34,60,0.0,0.012417218543046357,3,2025,Q3 2025,3.532763532763533,3.092493674444757,3.9231071008238523,0.11396011396011396,0.281135788585887,0.0
Apple Inc,AAPL,2025-10-30,2025-Oct-30-AAPL.OQ-140022862991-Transcript.txt,14593,AAPL,APPLE INC,2025-10-30,,0.023466,5,2025-10-31,2025-12-31,-0.0040129999999999975,42,8891,3756,4997,25,13,12,1,0,1,143,56,79,0.4371859296482412,0.009377967711301045,99,12,15,0.7837837837837838,0.00421822272215973,44,43,64,0.011494252873563218,0.013476521372920615,4,2025,Q4 2025,2.8118321898549095,3.461128860489883,2.4014408645187113,0.11247328759419638,0.0,0.20012007204322593
Amazon.com Inc,AMZN,2022-02-03,2022-Feb-03-AMZN.OQ-139811813085-Transcript.txt,84788,AMZN,AMAZON COM INC,2022-02-03,2022-04-28,0.081289,5,2022-02-04,2022-04-27,0.07904700000000002,57,7068,1940,4970,1,1,0,0,0,0,114,64,70,0.2808988764044944,0.010398098633392751,32,16,20,0.3333333333333333,0.010822510822510822,82,47,50,0.2713178294573643,0.010530749789385004,4,2021,Q4 2021,0.1414827391058291,0.5154639175257733,0.0,0.0,0.0,0.0
Amazon.com Inc,AMZN,2022-04-28,2022-Apr-28-AMZN.OQ-138471275728-Transcript.txt,84788,AMZN,AMAZON COM INC,2022-04-28,2022-07-28,-0.104771,5,2022-04-29,2022-07-27,-0.08166500000000002,61,6279,2050,4093,0,0,0,0,0,0,47,66,78,-0.168141592920354,0.013032581453634085,19,19,32,0.0,0.01646090534979424,28,46,46,-0.24324324324324326,0.011716760061130923,1,2022,Q1 2022,0.0,0.0,0.0,0.0,0.0,0.0
Amazon.com Inc,AMZN,2022-07-28,2022-Jul-28-AMZN.OQ-140123330089-Transcript.txt,84788,AMZN,AMAZON COM INC,2022-07-28,2022-10-27,0.11850600000000001,5,2022-07-29,2022-10-26,0.017585000000000038,63,6512,2042,4352,0,0,0,0,0,0,107,62,66,0.26627218934911245,0.010646878528794966,36,20,29,0.2857142857142857,0.015143603133159269,71,41,37,0.26785714285714285,0.00883265695870136,2,2022,Q2 2022,0.0,0.0,0.0,0.0,0.0,0.0
Amazon.com Inc,AMZN,2022-10-27,2022-Oct-27-AMZN.OQ-139163294648-Transcript.txt,84788,AMZN,AMAZON COM INC,2022-10-27,2023-02-02,-0.21857600000000002,5,2022-10-28,2023-02-01,-0.11934600000000005,65,5705,1906,3669,1,1,0,1,1,0,86,56,64,0.2112676056338028,0.011740964960557695,37,15,28,0.4230769230769231,0.01530891197375615,49,40,36,0.10112359550561797,0.010247651579846286,3,2022,Q3 2022,0.175284837861525,0.5246589716684156,0.0,0.175284837861525,0.5246589716684156,0.0
Amazon.com Inc,AMZN,2023-02-02,2023-Feb-02-AMZN.OQ-141192317920-Transcript.txt,84788,AMZN,AMAZON COM INC,2023-02-02,2023-04-27,-0.021862999999999987,5,2023-02-03,2023-04-26,-0.019072999999999993,57,7962,2060,5777,0,0,0,1,0,1,71,68,97,0.02158273381294964,0.012722980062959077,24,22,31,0.043478260869565216,0.015632879475542108,47,45,66,0.021739130434782608,0.011917659804983749,4,2022,Q4 2022,0.0,0.0,0.0,0.12559658377292138,0.0,0.17310022503029254
Amazon.com Inc,AMZN,2023-04-27,2023-Apr-27-AMZN.OQ-137135360905-Transcript.txt,84788,AMZN,AMAZON COM INC,2023-04-27,2023-08-03,0.004643999999999999,5,2023-04-28,2023-08-02,0.07469599999999998,66,7986,2523,5349,51,8,43,1,0,1,115,60,82,0.3142857142857143,0.010663198959687906,41,24,33,0.26153846153846155,0.01349141455437449,74,35,49,0.3577981651376147,0.009510869565217392,1,2023,Q1 2023,6.386175807663411,3.1708283789139915,8.03888577304169,0.12521913348359628,0.0,0.1869508319312021
Amazon.com Inc,AMZN,2023-08-03,2023-Aug-03-AMZN.OQ-138480106576-Transcript.txt,84788,AMZN,AMAZON COM INC,2023-08-03,2023-10-26,0.082842,5,2023-08-04,2023-10-25,0.03264399999999997,58,7918,3830,3954,92,62,30,8,7,1,155,46,61,0.5422885572139303,0.007987429618960325,108,19,28,0.7007874015748031,0.007565522831667117,47,26,33,0.2876712328767123,0.008627450980392156,2,2023,Q2 2023,11.619095731245263,16.18798955613577,7.587253414264037,1.0103561505430665,1.827676240208877,0.25290844714213456
Amazon.com Inc,AMZN,2023-10-26,2023-Oct-26-AMZN.OQ-138843683828-Transcript.txt,84788,AMZN,AMAZON COM INC,2023-10-26,2024-02-01,0.05160699999999999,5,2023-10-27,2024-01-31,0.10811499999999999,65,9124,3989,5018,97,50,47,14,6,8,165,51,73,0.5277777777777778,0.008344764517604023,100,16,27,0.7241379310344828,0.007027589796980739,65,34,46,0.31313131313131315,0.009561421741841613,3,2023,Q3 2023,10.631302060499781,12.534469791927803,9.366281387006776,1.5344147303814115,1.5041363750313361,1.5942606616181747
Amazon.com Inc,AMZN,2024-02-01,2024-Feb-01-AMZN.OQ-140923504083-Transcript.txt,84788,AMZN,AMAZON COM INC,2024-02-01,2024-04-30,0.06278599999999998,5,2024-02-02,2024-04-29,0.09300599999999999,60,9482,3994,5352,69,31,38,9,3,6,186,53,85,0.5564853556485355,0.009388115749944775,100,23,27,0.6260162601626016,0.007094062007356805,86,29,58,0.4956521739130435,0.011295034079844207,4,2023,Q4 2023,7.276945792026998,7.761642463695543,7.100149476831091,0.9491668424383041,0.7511266900350526,1.1210762331838564
Amazon.com Inc,AMZN,2024-04-30,2024-Apr-30-AMZN.OQ-139513746628-Transcript.txt,84788,AMZN,AMAZON COM INC,2024-04-30,2024-08-01,0.030488999999999992,5,2024-05-01,2024-07-31,-0.01928100000000001,63,9248,4121,4996,68,40,28,8,4,4,161,52,79,0.5117370892018779,0.008910444394315362,92,26,29,0.559322033898305,0.007358538442019792,69,25,50,0.46808510638297873,0.010384215991692628,1,2024,Q1 2024,7.352941176470588,9.70638194612958,5.604483586869495,0.8650519031141869,0.9706381946129581,0.8006405124099278
Amazon.com Inc,AMZN,2024-08-01,2024-Aug-01-AMZN.OQ-137503173847-Transcript.txt,84788,AMZN,AMAZON COM INC,2024-08-01,2024-10-31,-0.070503,5,2024-08-02,2024-10-30,-0.01082699999999999,63,8496,3777,4616,71,46,25,6,5,1,118,52,68,0.38823529411764707,0.00832517140058766,66,19,30,0.5529411764705883,0.008205689277899343,52,32,38,0.23809523809523808,0.008581752484191508,2,2024,Q2 2024,8.356873822975519,12.178978024887478,5.415944540727903,0.7062146892655368,1.3238019592268997,0.2166377816291161
Amazon.com Inc,AMZN,2024-10-31,2024-Oct-31-AMZN.OQ-140566554851-Transcript.txt,84788,AMZN,AMAZON COM INC,2024-10-31,2025-02-06,0.05266200000000001,5,2024-11-01,2025-02-05,0.178062,64,8314,3732,4475,67,41,26,26,9,17,162,39,87,0.6119402985074627,0.01089679358717435,89,15,28,0.7115384615384616,0.007808142777467931,73,23,59,0.5208333333333334,0.01368591974019949,3,2024,Q3 2024,8.058696175126293,10.986066452304394,5.810055865921788,3.1272552321385616,2.411575562700965,3.798882681564246
Amazon.com Inc,AMZN,2025-02-06,2025-Feb-06-AMZN.OQ-139242216585-Transcript.txt,84788,AMZN,AMAZON COM INC,2025-02-06,2025-05-01,-0.041898,5,2025-02-07,2025-04-30,-0.15911899999999998,57,8653,4124,4432,87,35,52,31,13,18,149,44,85,0.5440414507772021,0.010239730152993615,77,15,35,0.6739130434782609,0.008949117872666838,72,28,50,0.44,0.011595547309833023,4,2024,Q4 2024,10.054316422050157,8.48690591658584,11.732851985559567,3.5825725182017796,3.1522793404461686,4.061371841155235
Amazon.com Inc,AMZN,2025-05-01,2025-May-01-AMZN.OQ-140169196905-Transcript.txt,84788,AMZN,AMAZON COM INC,2025-05-01,2025-07-31,-0.020200999999999997,5,2025-05-02,2025-07-30,0.07058399999999997,61,8810,4001,4708,55,37,18,9,9,0,109,43,113,0.4342105263157895,0.01325046904315197,62,18,39,0.55,0.01009839461418954,47,24,73,0.323943661971831,0.01592495636998255,1,2025,Q1 2025,6.242905788876277,9.247688077980504,3.8232795242141036,1.0215664018161181,2.249437640589852,0.0
Amazon.com Inc,AMZN,2025-07-31,2025-Jul-31-AMZN.OQ-138639873894-Transcript.txt,84788,AMZN,AMAZON COM INC,2025-07-31,2025-10-30,-0.06332400000000002,5,2025-08-01,2025-10-29,-0.08985800000000004,63,9267,3889,5269,59,23,36,17,8,9,158,50,90,0.5192307692307693,0.010068240295335049,86,22,32,0.5925925925925926,0.008535609495865563,72,27,58,0.45454545454545453,0.011370319545187219,2,2025,Q2 2025,6.366677457645409,5.914116739521728,6.832416018219776,1.8344663861012194,2.0570840833119055,1.708104004554944
Amazon.com Inc,AMZN,2025-10-30,2025-Oct-30-AMZN.OQ-141122541173-Transcript.txt,84788,AMZN,AMAZON COM INC,2025-10-30,,0.10929799999999999,5,2025-10-31,2025-12-31,0.036702,42,8453,4004,4328,44,30,14,10,4,6,134,38,63,0.5581395348837209,0.007788354555569292,73,11,29,0.7380952380952381,0.007577737130911941,61,26,34,0.40229885057471265,0.008171112713290074,3,2025,Q3 2025,5.205252573050989,7.492507492507493,3.234750462107209,1.1830119484206791,0.999000999000999,1.3863216266173752
Alphabet Inc,GOOGL,2022-02-01,2022-Feb-01-GOOGL.OQ-138419589371-Transcript.txt,90319,GOOGL,ALPHABET INC,2022-02-01,2022-04-26,0.05578400000000001,5,2022-02-02,2022-04-25,-0.04611400000000001,57,9563,4214,5189,32,16,16,13,7,6,170,64,58,0.452991452991453,0.006384149697303247,83,15,16,0.6938775510204082,0.004041424602172266,87,48,42,0.28888888888888886,0.008415147265077139,4,2021,Q4 2021,3.3462302624699363,3.7968675842429995,3.083445750626325,1.3594060441284115,1.6611295681063123,1.1562921564848718
Alphabet Inc,GOOGL,2022-04-26,2022-Apr-26-GOOGL.OQ-138254363287-Transcript.txt,90319,GOOGL,ALPHABET INC,2022-04-26,2022-07-26,-0.011876000000000001,5,2022-04-27,2022-07-25,-0.034199000000000014,61,8430,4250,4020,9,9,0,12,8,4,135,70,55,0.3170731707317073,0.006871564217891054,83,20,17,0.6116504854368932,0.004216269841269841,52,49,38,0.0297029702970297,0.009903570497784727,1,2022,Q1 2022,1.0676156583629894,2.1176470588235294,0.0,1.4234875444839858,1.8823529411764706,0.9950248756218905
Alphabet Inc,GOOGL,2022-07-26,2022-Jul-26-GOOGL.OQ-140228385298-Transcript.txt,90319,GOOGL,ALPHABET INC,2022-07-26,2022-10-25,0.037114999999999995,5,2022-07-27,2022-10-24,0.014495000000000006,63,8594,3955,4468,22,14,8,7,5,2,143,63,75,0.3883495145631068,0.009119649805447471,66,20,18,0.5348837209302325,0.004805125467164976,77,42,57,0.29411764705882354,0.013163972286374134,2,2022,Q2 2022,2.559925529439144,3.5398230088495577,1.7905102954341987,0.8145217593670003,1.2642225031605563,0.4476275738585497
Alphabet Inc,GOOGL,2022-10-25,2022-Oct-25-GOOGL.OQ-139231849236-Transcript.txt,90319,GOOGL,ALPHABET INC,2022-10-25,2023-02-02,-0.082512,5,2022-10-26,2023-02-01,-0.10077100000000003,67,8954,4277,4511,20,11,9,10,6,4,134,72,62,0.30097087378640774,0.007222739981360671,68,29,15,0.4020618556701031,0.0036836935166994107,66,42,47,0.2222222222222222,0.01076007326007326,3,2022,Q3 2022,2.233638597274961,2.5718961889174654,1.9951230325870095,1.1168192986374805,1.4028524666822537,0.8867213478164486
Alphabet Inc,GOOGL,2023-02-02,2023-Feb-02-GOOGL.OQ-139696880209-Transcript.txt,90319,GOOGL,ALPHABET INC,2023-02-02,2023-04-25,0.07097600000000001,5,2023-02-03,2023-04-24,0.016328000000000037,55,8500,4475,3867,73,52,21,13,10,3,183,67,42,0.464,0.005143277002204262,118,23,15,0.6737588652482269,0.0035194744251525107,65,43,27,0.2037037037037037,0.007165605095541401,4,2022,Q4 2022,8.588235294117647,11.620111731843576,5.430566330488752,1.5294117647058825,2.2346368715083798,0.7757951900698216
Alphabet Inc,GOOGL,2023-04-25,2023-Apr-25-GOOGL.OQ-140631444702-Transcript.txt,90319,GOOGL,ALPHABET INC,2023-04-25,2023-07-25,0.014048000000000001,5,2023-04-26,2023-07-24,0.05292199999999998,61,9229,4418,4649,93,64,29,11,7,4,196,51,64,0.5870445344129555,0.007221846084405326,110,16,15,0.746031746031746,0.0035486160397444995,86,34,49,0.43333333333333335,0.010898576512455516,1,2023,Q1 2023,10.07693141185394,14.48619284744228,6.237900623790062,1.1918951132300357,1.5844273426889997,0.8604000860400086
Alphabet Inc,GOOGL,2023-07-25,2023-Jul-25-GOOGL.OQ-137436048683-Transcript.txt,90319,GOOGL,ALPHABET INC,2023-07-25,2023-10-24,0.092026,5,2023-07-26,2023-10-23,0.20261499999999996,63,9052,4702,4197,129,79,50,6,4,2,203,49,51,0.6111111111111112,0.005888465535157603,130,13,15,0.8181818181818182,0.0033400133600534404,73,35,36,0.35185185185185186,0.008913097301312206,2,2023,Q2 2023,14.250994255413168,16.801361122926412,11.913271384322135,0.6628369421122404,0.8507018290089324,0.47653085537288536
Alphabet Inc,GOOGL,2023-10-24,2023-Oct-24-GOOGL.OQ-139817940018-Transcript.txt,90319,GOOGL,ALPHABET INC,2023-10-24,2024-01-30,-0.07418,5,2023-10-25,2024-01-29,-0.043006,65,8284,4304,3825,99,67,32,7,5,2,173,54,57,0.5242290748898678,0.007149128308039634,103,13,14,0.7758620689655172,0.0033890099249576375,70,40,43,0.2727272727272727,0.011593421407387436,3,2023,Q3 2023,11.950748430709801,15.566914498141264,8.366013071895425,0.8450024142926122,1.1617100371747213,0.5228758169934641
Alphabet Inc,GOOGL,2024-01-30,2024-Jan-30-GOOGL.OQ-137240585407-Transcript.txt,90319,GOOGL,ALPHABET INC,2024-01-30,2024-04-25,-0.074657,5,2024-01-31,2024-04-24,0.028683000000000007,59,9090,4643,4282,119,85,34,6,4,2,205,52,48,0.5953307392996109,0.00553059108192188,123,12,11,0.8222222222222222,0.002492635395422615,82,39,37,0.35537190082644626,0.008971871968962172,4,2023,Q4 2023,13.091309130913091,18.307129011415032,7.940214852872489,0.6600660066006601,0.8615119534783545,0.4670714619336758
Alphabet Inc,GOOGL,2024-04-25,2024-Apr-25-GOOGL.OQ-140275030701-Transcript.txt,90319,GOOGL,ALPHABET INC,2024-04-25,2024-07-23,0.041581999999999994,5,2024-04-26,2024-07-22,0.069816,59,9213,4854,4191,99,75,24,5,2,3,209,61,58,0.5481481481481482,0.006612700946300308,136,15,17,0.8013245033112583,0.00369484894588133,73,45,41,0.23728813559322035,0.010186335403726708,1,2024,Q1 2024,10.745685444480625,15.451174289245984,5.72655690765927,0.5427113860848801,0.4120313143798929,0.7158196134574087
Alphabet Inc,GOOGL,2024-07-23,2024-Jul-23-GOOGL.OQ-138522976138-Transcript.txt,90319,GOOGL,ALPHABET INC,2024-07-23,2024-10-29,-0.055972,5,2024-07-24,2024-10-28,-0.12880600000000003,68,9189,4693,4374,121,74,47,15,9,6,200,49,52,0.606425702811245,0.005919854280510018,121,16,14,0.7664233576642335,0.0031503150315031502,79,32,38,0.42342342342342343,0.008968609865470852,2,2024,Q2 2024,13.167918163021003,15.768165352652886,10.745313214449016,1.632386549134835,1.9177498401875133,1.371742112482853
Alphabet Inc,GOOGL,2024-10-29,2024-Oct-29-GOOGL.OQ-138685722887-Transcript.txt,90319,GOOGL,ALPHABET INC,2024-10-29,2025-02-04,0.047819,5,2024-10-30,2025-02-03,0.147478,64,10132,5008,4999,110,79,31,9,7,2,206,51,74,0.603112840466926,0.007619439868204283,117,16,19,0.7593984962406015,0.003965769150490503,89,34,55,0.44715447154471544,0.01142263759086189,3,2024,Q3 2024,10.856691669956573,15.774760383386582,6.20124024804961,0.8882747729964469,1.3977635782747604,0.40008001600320064
Alphabet Inc,GOOGL,2025-02-04,2025-Feb-04-GOOGL.OQ-140067816357-Transcript.txt,90319,GOOGL,ALPHABET INC,2025-02-04,2025-04-24,-0.091058,5,2025-02-05,2025-04-23,-0.16412499999999997,54,9431,4993,4312,105,65,40,12,12,0,192,46,66,0.6134453781512605,0.007366893626520817,109,20,26,0.689922480620155,0.005507307773776742,83,25,40,0.5370370370370371,0.009682885499878963,4,2024,Q4 2024,11.133495917718164,13.018225515722012,9.27643784786642,1.2723995334535045,2.403364710594833,0.0
Alphabet Inc,GOOGL,2025-04-24,2025-Apr-24-GOOGL.OQ-137862582168-Transcript.txt,90319,GOOGL,ALPHABET INC,2025-04-24,2025-07-23,0.008108,5,2025-04-25,2025-07-22,0.053951,60,8956,4155,4676,117,63,54,4,4,0,182,54,66,0.5423728813559322,0.0077428437353355235,99,16,18,0.7217391304347827,0.004604758250191865,83,37,48,0.38333333333333336,0.010645375914836993,1,2025,Q1 2025,13.063867798124162,15.16245487364621,11.548331907613344,0.4466279589102278,0.9626955475330926,0.0
Alphabet Inc,GOOGL,2025-07-23,2025-Jul-23-GOOGL.OQ-139107531025-Transcript.txt,90319,GOOGL,ALPHABET INC,2025-07-23,2025-10-29,0.0008250000000000002,5,2025-07-24,2025-10-28,0.27270500000000003,68,9276,4350,4796,117,77,40,5,5,0,165,45,76,0.5714285714285714,0.008584660567039422,85,11,23,0.7708333333333334,0.00558252427184466,80,33,53,0.415929203539823,0.011466897446992644,2,2025,Q2 2025,12.61319534282018,17.70114942528736,8.340283569641368,0.5390254420008624,1.1494252873563218,0.0
Alphabet Inc,GOOGL,2025-10-29,2025-Oct-29-GOOGL.OQ-140857956258-Transcript.txt,90319,GOOGL,ALPHABET INC,2025-10-29,,0.058759000000000006,5,2025-10-30,2025-12-31,0.141316,43,8670,4279,4253,142,84,58,15,12,3,154,37,60,0.612565445026178,0.007270964614638876,93,11,18,0.7884615384615384,0.004443347321648976,61,25,42,0.4186046511627907,0.010286554004408524,3,2025,Q3 2025,16.37831603229527,19.630754849263848,13.637432400658358,1.7301038062283738,2.804393549894835,0.7053844345168117
Tesla Inc,TSLA,2022-01-26,2022-Jan-26-TSLA.OQ-140929091322-Transcript.txt,93436,TSLA,TESLA INC,2022-01-26,2022-04-20,-0.0005130000000000134,5,2022-01-27,2022-04-19,0.10784099999999998,57,9068,2109,6828,2,0,2,3,0,3,106,92,93,0.0707070707070707,0.010947616244849911,41,16,18,0.43859649122807015,0.009018036072144289,65,75,75,-0.07142857142857142,0.011727912431587178,4,2021,Q4 2021,0.22055580061755622,0.0,0.29291154071470415,0.3308337009263344,0.0,0.43936731107205623
Tesla Inc,TSLA,2022-04-20,2022-Apr-20-TSLA.OQ-140713123849-Transcript.txt,93436,TSLA,TESLA INC,2022-04-20,2022-07-20,0.018290999999999988,5,2022-04-21,2022-07-19,-0.09768799999999998,61,10291,1358,8763,1,0,1,0,0,0,111,118,111,-0.03056768558951965,0.011405672009864365,35,20,10,0.2727272727272727,0.00782472613458529,76,97,101,-0.12138728323699421,0.012154031287605295,1,2022,Q1 2022,0.09717228646390048,0.0,0.11411617026132602,0.0,0.0,0.0
Tesla Inc,TSLA,2022-07-20,2022-Jul-20-TSLA.OQ-137746680693-Transcript.txt,93436,TSLA,TESLA INC,2022-07-20,2022-10-19,0.07840300000000001,5,2022-07-21,2022-10-18,-0.028749999999999977,63,10276,1881,8254,8,2,6,1,0,1,135,125,108,0.038461538461538464,0.0111397627643115,45,30,17,0.2,0.009449694274596998,90,94,90,-0.021739130434782608,0.011568123393316195,2,2022,Q2 2022,0.7785130400934215,1.063264221158958,0.7269202810758421,0.09731413001167769,0.0,0.121153380179307
Tesla Inc,TSLA,2022-10-19,2022-Oct-19-TSLA.OQ-137342723720-Transcript.txt,93436,TSLA,TESLA INC,2022-10-19,2023-01-25,-0.06054400000000001,5,2022-10-20,2023-01-24,-0.462435,65,9565,1842,7575,6,5,1,1,0,1,115,81,102,0.17346938775510204,0.01145681231045715,41,7,18,0.7083333333333334,0.010392609699769052,74,73,84,0.006802721088435374,0.011916583912611719,3,2022,Q3 2022,0.6272869837950862,2.7144408251900107,0.132013201320132,0.10454783063251438,0.0,0.132013201320132
Tesla Inc,TSLA,2023-01-25,2023-Jan-25-TSLA.OQ-140020320099-Transcript.txt,93436,TSLA,TESLA INC,2023-01-25,2023-04-19,0.161148,5,2023-01-26,2023-04-18,0.260438,57,9730,1599,7986,12,1,11,0,0,0,146,100,104,0.18699186991869918,0.011343804537521814,43,12,19,0.5636363636363636,0.012566137566137565,103,87,84,0.08421052631578947,0.011150935882118677,4,2022,Q4 2022,1.2332990750256938,0.6253908692933083,1.3774104683195594,0.0,0.0,0.0
Tesla Inc,TSLA,2023-04-19,2023-Apr-19-TSLA.OQ-138466240502-Transcript.txt,93436,TSLA,TESLA INC,2023-04-19,2023-07-19,-0.13019,5,2023-04-20,2023-07-18,0.4208489999999999,61,10447,1317,8947,3,3,0,0,0,0,124,95,108,0.1324200913242009,0.01086409817925762,36,2,14,0.8947368421052632,0.011128775834658187,88,92,94,-0.022222222222222223,0.011030274583431119,1,2023,Q1 2023,0.28716377907533264,2.277904328018223,0.0,0.0,0.0,0.0
Tesla Inc,TSLA,2023-07-19,2023-Jul-19-TSLA.OQ-139671755430-Transcript.txt,93436,TSLA,TESLA INC,2023-07-19,2023-10-18,-0.076482,5,2023-07-20,2023-10-17,-0.05514100000000002,63,10012,1799,8084,17,4,13,3,0,3,133,77,113,0.26666666666666666,0.011933678318724258,33,6,21,0.6923076923076923,0.012345679012345678,100,70,91,0.17647058823529413,0.01188144666405536,2,2023,Q2 2023,1.697962445065921,2.2234574763757644,1.6081147946561107,0.2996404314822213,0.0,0.3711034141514102
Tesla Inc,TSLA,2023-10-18,2023-Oct-18-TSLA.OQ-138057367216-Transcript.txt,93436,TSLA,TESLA INC,2023-10-18,2024-01-24,-0.13623400000000002,5,2023-10-19,2024-01-23,-0.248587,65,9578,1532,7919,12,9,3,0,0,0,113,88,113,0.12437810945273632,0.01260035682426405,30,11,13,0.4634146341463415,0.009052924791086351,83,76,99,0.0440251572327044,0.01332794830371567,3,2023,Q3 2023,1.252871163082063,5.87467362924282,0.37883571157974494,0.0,0.0,0.0
Tesla Inc,TSLA,2024-01-24,2024-Jan-24-TSLA.OQ-139829449910-Transcript.txt,93436,TSLA,TESLA INC,2024-01-24,2024-04-23,-0.09602900000000003,5,2024-01-25,2024-04-22,-0.37959499999999996,61,9960,1887,7953,16,4,12,3,0,3,124,77,114,0.23383084577114427,0.012251477700161204,38,8,21,0.6521739130434783,0.011945392491467578,86,68,92,0.11688311688311688,0.012348993288590604,4,2023,Q4 2023,1.606425702811245,2.1197668256491786,1.5088645794039985,0.30120481927710846,0.0,0.37721614485099964
Tesla Inc,TSLA,2024-04-23,2024-Apr-23-TSLA.OQ-137421846265-Transcript.txt,93436,TSLA,TESLA INC,2024-04-23,2024-07-23,0.117959,5,2024-04-24,2024-07-22,0.512991,61,11548,1597,9786,22,9,13,4,1,3,130,87,109,0.19815668202764977,0.010029444239970556,27,12,14,0.38461538461538464,0.009253139458030404,103,74,94,0.1638418079096045,0.010202974058395745,1,2024,Q1 2024,1.9050917907862832,5.635566687539136,1.3284283670549764,0.3463803255975061,0.6261740763932373,0.30656039239730226
Tesla Inc,TSLA,2024-07-23,2024-Jul-23-TSLA.OQ-138865645539-Transcript.txt,93436,TSLA,TESLA INC,2024-07-23,2024-10-23,-0.07075099999999998,5,2024-07-24,2024-10-22,-0.13194099999999995,64,9365,1924,7312,20,5,15,1,1,0,79,87,97,-0.04819277108433735,0.010896427769040665,32,12,16,0.45454545454545453,0.008714596949891068,47,74,81,-0.2231404958677686,0.01164294954721863,2,2024,Q2 2024,2.135611318739989,2.598752598752599,2.0514223194748356,0.10678056593699947,0.5197505197505198,0.0
Tesla Inc,TSLA,2024-10-23,2024-Oct-23-TSLA.OQ-138744360520-Transcript.txt,93436,TSLA,TESLA INC,2024-10-23,2025-01-29,0.20801899999999998,5,2024-10-24,2025-01-28,0.646887,64,10230,3910,6221,42,12,29,1,1,0,126,76,75,0.24752475247524752,0.007704160246533128,66,22,29,0.5,0.007797795106211347,60,53,46,0.061946902654867256,0.00774932614555256,3,2024,Q3 2024,4.105571847507331,3.0690537084398977,4.661629963028452,0.09775171065493646,0.25575447570332477,0.0
Tesla Inc,TSLA,2025-01-29,2025-Jan-29-TSLA.OQ-137901192831-Transcript.txt,93436,TSLA,TESLA INC,2025-01-29,2025-04-22,-0.030581999999999995,5,2025-01-30,2025-04-21,-0.307429,56,10238,3530,6608,22,8,13,2,1,1,97,95,118,0.010416666666666666,0.012142416135007203,47,13,39,0.5666666666666667,0.011631374888159856,50,81,79,-0.2366412213740458,0.012571610439210694,4,2024,Q4 2024,2.1488571986716156,2.26628895184136,1.967312348668281,0.19535065442469232,0.28328611898017,0.1513317191283293
Tesla Inc,TSLA,2025-04-22,2025-Apr-22-TSLA.OQ-140972108064-Transcript.txt,93436,TSLA,TESLA INC,2025-04-22,2025-07-23,0.131303,5,2025-04-23,2025-07-22,0.20350000000000001,62,12782,3606,9055,25,5,19,3,0,3,133,129,127,0.015267175572519083,0.010338651904916965,66,38,34,0.2692307692307692,0.00975889781859931,67,90,93,-0.1464968152866242,0.010692113129455047,1,2025,Q1 2025,1.9558754498513533,1.3865779256794233,2.0982882385422417,0.23470505398216243,0.0,0.3313086692435119
Tesla Inc,TSLA,2025-07-23,2025-Jul-23-TSLA.OQ-141028251648-Transcript.txt,93436,TSLA,TESLA INC,2025-07-23,2025-10-22,-0.016443000000000003,5,2025-07-24,2025-10-21,0.254021,63,8857,3102,5650,27,12,14,2,2,0,102,71,98,0.1791907514450867,0.01155115511551155,58,18,33,0.5263157894736842,0.011036789297658863,44,52,65,-0.08333333333333333,0.01201923076923077,2,2025,Q2 2025,3.0484362651010497,3.8684719535783367,2.47787610619469,0.22581009371118888,0.6447453255963894,0.0
Tesla Inc,TSLA,2025-10-22,2025-Oct-22-TSLA.OQ-138024548205-Transcript.txt,93436,TSLA,TESLA INC,2025-10-22,,-0.004697999999999994,5,2025-10-23,2025-12-31,0.021063999999999975,48,9597,2006,7487,52,10,41,3,0,3,121,77,87,0.2222222222222222,0.009540519793837044,35,4,13,0.7948717948717948,0.006820566631689402,86,72,74,0.08860759493670886,0.010381593714927048,3,2025,Q3 2025,5.418359904136709,4.985044865403789,5.47615867503673,0.31259768677711786,0.0,0.40069453719780956
