oftic,TICKER,MEASURE,FISCALP,PYEAR,PMON,anndats,suescore
AAPL,AAPL,EPS,QTR,2021,12,2022-01-27,3.37751
AAPL,AAPL,EPS,QTR,2022,3,2022-04-28,1.89117
AAPL,AAPL,EPS,QTR,2022,6,2022-07-28,0.71373
AAPL,AAPL,EPS,QTR,2022,9,2022-10-27,0.38934
AAPL,AAPL,EPS,QTR,2022,12,2023-02-02,-0.62242
AAPL,AAPL,EPS,QTR,2023,3,2023-05-04,2.17906
AAPL,AAPL,EPS,QTR,2023,6,2023-08-03,1.07746
AAPL,AAPL,EPS,QTR,2023,9,2023-11-02,2.8894
AAPL,AAPL,EPS,QTR,2023,12,2024-02-01,2.40187
AAPL,AAPL,EPS,QTR,2024,3,2024-05-02,0.95502
AAPL,AAPL,EPS,QTR,2024,6,2024-08-01,1.40815
AAPL,AAPL,EPS,QTR,2024,9,2024-10-31,1.33532
AAPL,AAPL,EPS,QTR,2024,12,2025-01-30,0.94971
AAPL,AAPL,EPS,QTR,2025,3,2025-05-01,0.8198
AAPL,AAPL,EPS,QTR,2025,6,2025-07-31,2.89968
AAPL,AAPL,EPS,QTR,2025,9,2025-10-30,1.30357
ABBV,ABBV,EPS,QTR,2021,12,2022-02-02,0.54356
ABBV,ABBV,EPS,QTR,2022,3,2022-04-29,3.45115
ABBV,ABBV,EPS,QTR,2022,6,2022-07-29,0.75648
ABBV,ABBV,EPS,QTR,2022,9,2022-10-28,1.93379
ABBV,ABBV,EPS,QTR,2022,12,2023-02-09,0.80545
ABBV,ABBV,EPS,QTR,2023,3,2023-04-27,0.03391
ABBV,ABBV,EPS,QTR,2023,6,2023-07-27,2.66516
ABBV,ABBV,EPS,QTR,2023,9,2023-10-27,2.60477
ABBV,ABBV,EPS,QTR,2023,12,2024-02-02,0.48167
ABBV,ABBV,EPS,QTR,2024,3,2024-04-26,2.16918
ABBV,ABBV,EPS,QTR,2024,6,2024-07-25,2.44761
ABBV,ABBV,EPS,QTR,2024,9,2024-10-30,3.36893
ABBV,ABBV,EPS,QTR,2024,12,2025-01-31,0.65878
ABBV,ABBV,EPS,QTR,2025,3,2025-04-25,1.63409
ABBV,ABBV,EPS,QTR,2025,6,2025-07-31,2.34784
ABBV,ABBV,EPS,QTR,2025,9,2025-10-31,1.58704
ABT,ABT,EPS,QTR,2021,12,2022-01-26,1.74901
ABT,ABT,EPS,QTR,2022,3,2022-04-20,5.62712
ABT,ABT,EPS,QTR,2022,6,2022-07-20,3.53967
ABT,ABT,EPS,QTR,2022,9,2022-10-19,2.79611
ABT,ABT,EPS,QTR,2022,12,2023-01-25,2.49236
ABT,ABT,EPS,QTR,2023,3,2023-04-19,2.46797
ABT,ABT,EPS,QTR,2023,6,2023-07-20,1.36708
ABT,ABT,EPS,QTR,2023,9,2023-10-18,3.88377
ABT,ABT,EPS,QTR,2023,12,2024-01-24,0.16299
ABT,ABT,EPS,QTR,2024,3,2024-04-17,2.17787
ABT,ABT,EPS,QTR,2024,9,2024-10-16,0.57021
ABT,ABT,EPS,QTR,2024,12,2025-01-22,-0.27304
ABT,ABT,EPS,QTR,2025,3,2025-04-16,1.88815
ABT,ABT,EPS,QTR,2025,6,2025-07-17,0.54453
ABT,ABT,EPS,QTR,2025,9,2025-10-15,-0.10867
ACN,ACNT,EPS,QTR,2022,2,2022-03-17,1.61763
ACN,ACNT,EPS,QTR,2022,5,2022-06-23,1.06497
ACN,ACNT,EPS,QTR,2022,8,2022-09-22,0.97366
ACN,ACNT,EPS,QTR,2022,11,2022-12-16,2.16167
ACN,ACNT,EPS,QTR,2023,2,2023-03-23,2.26181
ACN,ACNT,EPS,QTR,2023,5,2023-06-22,1.7595
ACN,ACNT,EPS,QTR,2023,8,2023-09-28,0.69018
ACN,ACNT,EPS,QTR,2023,11,2023-12-19,1.9091
ACN,ACNT,EPS,QTR,2024,2,2024-03-21,1.28441
ACN,ACNT,EPS,QTR,2024,5,2024-06-20,-0.38352
ACN,ACNT,EPS,QTR,2024,8,2024-09-26,0.23543
ACN,ACNT,EPS,QTR,2024,11,2024-12-19,1.99664
ACN,ACNT,EPS,QTR,2025,2,2025-03-20,0.03138
ACN,ACNT,EPS,QTR,2025,5,2025-06-20,3.24033
ACN,ACNT,EPS,QTR,2025,8,2025-09-25,1.62784
ACN,ACNT,EPS,QTR,2025,11,2025-12-18,2.77165
ADBE,ADBE,EPS,QTR,2022,2,2022-03-22,0.89307
ADBE,ADBE,EPS,QTR,2022,5,2022-06-16,1.31008
ADBE,ADBE,EPS,QTR,2022,8,2022-09-15,3.23194
ADBE,ADBE,EPS,QTR,2022,11,2022-12-15,7.64922
ADBE,ADBE,EPS,QTR,2023,2,2023-03-15,3.15488
ADBE,ADBE,EPS,QTR,2023,5,2023-06-15,3.87214
ADBE,ADBE,EPS,QTR,2023,8,2023-09-14,4.62447
ADBE,ADBE,EPS,QTR,2023,11,2023-12-13,7.52078
ADBE,ADBE,EPS,QTR,2024,2,2024-03-14,2.43176
ADBE,ADBE,EPS,QTR,2024,5,2024-06-13,2.48943
ADBE,ADBE,EPS,QTR,2024,8,2024-09-12,9.69124
ADBE,ADBE,EPS,QTR,2024,11,2024-12-11,7.83989
ADBE,ADBE,EPS,QTR,2025,2,2025-03-12,6.52043
ADBE,ADBE,EPS,QTR,2025,5,2025-06-12,4.38879
ADBE,ADBE,EPS,QTR,2025,8,2025-09-11,5.17759
ADBE,ADBE,EPS,QTR,2025,11,2025-12-10,2.52394
AIG,AIG,EPS,QTR,2021,12,2022-02-16,4.73301
AIG,AIG,EPS,QTR,2022,3,2022-05-03,0.70833
AIG,AIG,EPS,QTR,2022,6,2022-08-08,0.46795
AIG,AIG,EPS,QTR,2022,9,2022-11-01,0.49839
AIG,AIG,EPS,QTR,2022,12,2023-02-15,0.76889
AIG,AIG,EPS,QTR,2023,3,2023-05-04,1.98767
AIG,AIG,EPS,QTR,2023,6,2023-08-01,2.16092
AIG,AIG,EPS,QTR,2023,9,2023-11-01,0.74328
AIG,AIG,EPS,QTR,2023,12,2024-02-13,1.34395
AIG,AIG,EPS,QTR,2024,3,2024-05-01,1.59639
AIG,AIG,EPS,QTR,2024,6,2024-07-31,-2.03629
AIG,AIG,EPS,QTR,2024,9,2024-11-04,1.1566
AIG,AIG,EPS,QTR,2024,12,2025-02-11,0.86138
AIG,AIG,EPS,QTR,2025,3,2025-05-01,1.78868
AIG,AIG,EPS,QTR,2025,6,2025-08-06,3.4289
AIG,AIG,EPS,QTR,2025,9,2025-11-04,5.41124
AMD,AMD,EPS,QTR,2021,12,2022-02-01,7.86542
AMD,AMD,EPS,QTR,2022,3,2022-05-03,6.5562
AMD,AMD,EPS,QTR,2022,6,2022-08-02,0.50217
AMD,AMD,EPS,QTR,2022,9,2022-11-01,-0.17196
AMD,AMD,EPS,QTR,2022,12,2023-01-31,0.90461
AMD,AMD,EPS,QTR,2023,3,2023-05-02,2.68868
AMD,AMD,EPS,QTR,2023,6,2023-08-01,0.48716
AMD,AMD,EPS,QTR,2023,9,2023-10-31,0.84976
AMD,AMD,EPS,QTR,2023,12,2024-01-30,-0.10628
AMD,AMD,EPS,QTR,2024,3,2024-04-30,0.21074
AMD,AMD,EPS,QTR,2024,6,2024-07-30,0.63915
AMD,AMD,EPS,QTR,2024,9,2024-10-29,0.24039
AMD,AMD,EPS,QTR,2024,12,2025-02-04,0.54985
AMD,AMD,EPS,QTR,2025,3,2025-05-06,0.58997
AMD,AMD,EPS,QTR,2025,6,2025-08-05,-0.22729
AMD,AMD,EPS,QTR,2025,9,2025-11-04,1.12383
AMGN,AMGN,EPS,QTR,2021,12,2022-02-07,1.28562
AMGN,AMGN,EPS,QTR,2022,3,2022-04-27,0.69495
AMGN,AMGN,EPS,QTR,2022,6,2022-08-04,1.38471
AMGN,AMGN,EPS,QTR,2022,9,2022-11-03,1.99379
AMGN,AMGN,EPS,QTR,2022,12,2023-01-31,-0.05459
AMGN,AMGN,EPS,QTR,2023,3,2023-04-27,0.55328
AMGN,AMGN,EPS,QTR,2023,6,2023-08-03,2.5092
AMGN,AMGN,EPS,QTR,2023,9,2023-10-31,2.30691
AMGN,AMGN,EPS,QTR,2023,12,2024-02-06,0.49679
AMGN,AMGN,EPS,QTR,2024,3,2024-05-02,0.28146
AMGN,AMGN,EPS,QTR,2024,6,2024-08-06,-0.23305
AMGN,AMGN,EPS,QTR,2024,9,2024-10-30,3.37281
AMGN,AMGN,EPS,QTR,2024,12,2025-02-04,1.06008
AMGN,AMGN,EPS,QTR,2025,3,2025-05-01,2.1543
AMGN,AMGN,EPS,QTR,2025,6,2025-08-05,3.23124
AMGN,AMGN,EPS,QTR,2025,9,2025-11-04,2.768
AMT,AMT2,EPS,QTR,2021,12,2022-02-24,-1.99852
AMT,AMT2,EPS,QTR,2022,3,2022-04-27,4.97436
AMT,AMT2,EPS,QTR,2022,6,2022-07-28,15.40534
AMT,AMT2,EPS,QTR,2022,9,2022-10-27,3.46462
AMT,AMT2,EPS,QTR,2022,12,2023-02-23,-33.96262
AMT,AMT2,EPS,QTR,2023,3,2023-04-26,-5.73144
AMT,AMT2,EPS,QTR,2023,6,2023-07-27,-0.9172
AMT,AMT2,EPS,QTR,2023,9,2023-10-26,3.4245
AMT,AMT2,EPS,QTR,2023,12,2024-02-27,-5.1865
AMT,AMT2,EPS,QTR,2024,3,2024-04-30,2.40821
AMT,AMT2,EPS,QTR,2024,6,2024-07-30,4.87532
AMT,AMT2,EPS,QTR,2024,9,2024-10-29,-4.30099
AMT,AMT2,EPS,QTR,2024,12,2025-02-25,3.17416
AMT,AMT2,EPS,QTR,2025,3,2025-04-29,-9.56777
AMT,AMT2,EPS,QTR,2025,6,2025-07-29,-22.04801
AMT,AMT2,EPS,QTR,2025,9,2025-10-28,2.36974
AMZN,AMZN,EPS,QTR,2021,12,2022-02-03,1.40161
AMZN,AMZN,EPS,QTR,2022,3,2022-04-28,-0.86669
AMZN,AMZN,EPS,QTR,2022,6,2022-07-28,0.33891
AMZN,AMZN,EPS,QTR,2022,9,2022-10-27,-0.58342
AMZN,AMZN,EPS,QTR,2022,12,2023-02-02,0.92003
AMZN,AMZN,EPS,QTR,2023,3,2023-04-27,1.39461
AMZN,AMZN,EPS,QTR,2023,6,2023-08-03,4.29396
AMZN,AMZN,EPS,QTR,2023,9,2023-10-26,5.02071
AMZN,AMZN,EPS,QTR,2023,12,2024-02-01,1.87012
AMZN,AMZN,EPS,QTR,2024,3,2024-04-30,1.64718
AMZN,AMZN,EPS,QTR,2024,6,2024-08-01,2.47735
AMZN,AMZN,EPS,QTR,2024,9,2024-10-31,4.13532
AMZN,AMZN,EPS,QTR,2024,12,2025-02-06,3.6228
AMZN,AMZN,EPS,QTR,2025,3,2025-05-01,2.41029
AMZN,AMZN,EPS,QTR,2025,6,2025-07-31,3.17733
AMZN,AMZN,EPS,QTR,2025,9,2025-10-30,2.7656
AVGO,AOVG,EPS,QTR,2022,1,2022-03-03,1.4414
AVGO,AOVG,EPS,QTR,2022,4,2022-05-26,5.1138
AVGO,AOVG,EPS,QTR,2022,7,2022-09-01,0.93337
AVGO,AOVG,EPS,QTR,2022,10,2022-12-08,1.88416
AVGO,AOVG,EPS,QTR,2023,1,2023-03-02,0.70662
AVGO,AOVG,EPS,QTR,2023,4,2023-06-01,0.94529
AVGO,AOVG,EPS,QTR,2023,7,2023-08-31,0.52386
AVGO,AOVG,EPS,QTR,2023,10,2023-12-07,0.29883
AVGO,AOVG,EPS,QTR,2024,1,2024-03-07,1.0516
AVGO,AOVG,EPS,QTR,2024,4,2024-06-12,0.1604
AVGO,AOVG,EPS,QTR,2024,7,2024-09-05,0.51431
AVGO,AOVG,EPS,QTR,2024,10,2024-12-12,0.61182
AVGO,AOVG,EPS,QTR,2025,1,2025-03-06,1.40507
AVGO,AOVG,EPS,QTR,2025,4,2025-06-05,0.35595
AVGO,AOVG,EPS,QTR,2025,7,2025-09-04,0.67607
AVGO,AOVG,EPS,QTR,2025,10,2025-12-11,1.14161
AXP,AXP,EPS,QTR,2021,12,2022-01-25,1.40622
AXP,AXP,EPS,QTR,2022,3,2022-04-22,1.13704
AXP,AXP,EPS,QTR,2022,6,2022-07-22,1.48337
AXP,AXP,EPS,QTR,2022,9,2022-10-21,0.45719
AXP,AXP,EPS,QTR,2022,12,2023-01-27,-0.76593
AXP,AXP,EPS,QTR,2023,3,2023-04-20,-1.46885
AXP,AXP,EPS,QTR,2023,6,2023-07-21,0.78415
AXP,AXP,EPS,QTR,2023,9,2023-10-20,3.78563
AXP,AXP,EPS,QTR,2023,12,2024-01-26,-0.18716
AXP,AXP,EPS,QTR,2024,3,2024-04-19,2.86595
AXP,AXP,EPS,QTR,2024,6,2024-07-19,2.27626
AXP,AXP,EPS,QTR,2024,9,2024-10-18,2.22749
AXP,AXP,EPS,QTR,2024,12,2025-01-24,0.01772
AXP,AXP,EPS,QTR,2025,3,2025-04-17,1.56385
AXP,AXP,EPS,QTR,2025,6,2025-07-18,2.50595
AXP,AXP,EPS,QTR,2025,9,2025-10-17,1.55276
BA,BA,EPS,QTR,2021,12,2022-01-26,-12.48244
BA,BA,EPS,QTR,2022,3,2022-04-27,-8.49952
BA,BA,EPS,QTR,2022,6,2022-07-27,-0.82634
BA,BA,EPS,QTR,2022,9,2022-10-26,-19.98771
BA,BA,EPS,QTR,2022,12,2023-01-25,-2.88575
BA,BA,EPS,QTR,2023,3,2023-04-26,-0.51776
BA,BA,EPS,QTR,2023,6,2023-07-26,0.21827
BA,BA,EPS,QTR,2023,9,2023-10-25,-0.60993
BA,BA,EPS,QTR,2023,12,2024-01-31,0.87996
BA,BA,EPS,QTR,2024,3,2024-04-24,1.2215
BA,BA,EPS,QTR,2024,6,2024-07-31,-1.1059
BA,BA,EPS,QTR,2024,9,2024-10-23,3.10723
BA,BA,EPS,QTR,2024,12,2025-01-28,-1.45205
BA,BA,EPS,QTR,2025,3,2025-04-23,1.29813
BA,BA,EPS,QTR,2025,6,2025-07-29,0.86693
BA,BA,EPS,QTR,2025,9,2025-10-29,-1.41285
BAC,NCB,EPS,QTR,2021,12,2022-01-19,2.05699
BAC,NCB,EPS,QTR,2022,3,2022-04-18,1.009
BAC,NCB,EPS,QTR,2022,6,2022-07-18,0.74112
BAC,NCB,EPS,QTR,2022,9,2022-10-17,0.80002
BAC,NCB,EPS,QTR,2022,12,2023-01-13,2.09289
BAC,NCB,EPS,QTR,2023,3,2023-04-18,1.88639
BAC,NCB,EPS,QTR,2023,6,2023-07-18,1.2423
BAC,NCB,EPS,QTR,2023,9,2023-10-17,2.92827
BAC,NCB,EPS,QTR,2023,12,2024-01-12,0.23599
BAC,NCB,EPS,QTR,2024,3,2024-04-16,2.11782
BAC,NCB,EPS,QTR,2024,9,2024-10-15,1.68932
BAC,NCB,EPS,QTR,2024,12,2025-01-16,2.94553
BAC,NCB,EPS,QTR,2025,3,2025-04-15,3.53712
BAC,NCB,EPS,QTR,2025,6,2025-07-16,1.1639
BAC,NCB,EPS,QTR,2025,9,2025-10-15,3.94111
BK,BK,EPS,QTR,2021,12,2022-01-18,1.08726
BK,BK,EPS,QTR,2022,3,2022-04-18,1.39254
BK,BK,EPS,QTR,2022,6,2022-07-15,0.97158
BK,BK,EPS,QTR,2022,9,2022-10-17,-0.78538
BK,BK,EPS,QTR,2022,12,2023-01-13,-1.91456
BK,BK,EPS,QTR,2023,3,2023-04-18,-0.04089
BK,BK,EPS,QTR,2023,6,2023-07-18,2.21785
BK,BK,EPS,QTR,2023,9,2023-10-17,1.43784
BK,BK,EPS,QTR,2023,12,2024-01-12,4.53697
BK,BK,EPS,QTR,2024,3,2024-04-16,2.16336
BK,BK,EPS,QTR,2024,9,2024-10-11,3.71298
BK,BK,EPS,QTR,2024,12,2025-01-15,3.07617
BK,BK,EPS,QTR,2025,3,2025-04-11,1.20998
BK,BK,EPS,QTR,2025,6,2025-07-15,8.56043
BK,BK,EPS,QTR,2025,9,2025-10-16,3.47409
BKNG,PCLN,EPS,QTR,2021,12,2022-02-23,1.07672
BKNG,PCLN,EPS,QTR,2022,3,2022-05-04,1.22383
BKNG,PCLN,EPS,QTR,2022,6,2022-08-03,0.72405
BKNG,PCLN,EPS,QTR,2022,9,2022-11-02,1.35191
BKNG,PCLN,EPS,QTR,2022,12,2023-02-23,1.22001
BKNG,PCLN,EPS,QTR,2023,3,2023-05-04,0.74815
BKNG,PCLN,EPS,QTR,2023,6,2023-08-03,5.08718
BKNG,PCLN,EPS,QTR,2023,9,2023-11-02,1.79364
BKNG,PCLN,EPS,QTR,2023,12,2024-02-22,0.92554
BKNG,PCLN,EPS,QTR,2024,3,2024-05-02,3.62668
BKNG,PCLN,EPS,QTR,2024,6,2024-08-01,1.42138
BKNG,PCLN,EPS,QTR,2024,9,2024-10-30,4.27644
BKNG,PCLN,EPS,QTR,2024,12,2025-02-20,3.0677
BKNG,PCLN,EPS,QTR,2025,3,2025-04-29,4.33681
BKNG,PCLN,EPS,QTR,2025,6,2025-07-29,2.24141
BKNG,PCLN,EPS,QTR,2025,9,2025-10-28,1.36466
BLK,BLKI,EPS,QTR,2021,12,2022-01-14,0.76604
BLK,BLKI,EPS,QTR,2022,3,2022-04-13,2.03948
BLK,BLKI,EPS,QTR,2022,6,2022-07-15,-1.47005
BLK,BLKI,EPS,QTR,2022,9,2022-10-13,4.43797
BLK,BLKI,EPS,QTR,2022,12,2023-01-13,1.83898
BLK,BLKI,EPS,QTR,2023,3,2023-04-14,0.58428
BLK,BLKI,EPS,QTR,2023,6,2023-07-14,4.463
BLK,BLKI,EPS,QTR,2023,9,2023-10-13,8.60886
BLK,BLKI,EPS,QTR,2023,12,2024-01-12,3.54735
BLK,BLKI,EPS,QTR,2024,3,2024-04-12,1.51472
BLK,BLKI,EPS,QTR,2024,9,2024-10-11,4.99557
BLK,BLKI,EPS,QTR,2024,12,2025-01-15,2.35616
BLK,BLKI,EPS,QTR,2025,3,2025-04-11,2.16551
BLK,BLKI,EPS,QTR,2025,6,2025-07-15,7.33545
BLK,BLKI,EPS,QTR,2025,9,2025-10-14,0.70953
BMY,BMY,EPS,QTR,2021,12,2022-02-04,0.97675
BMY,BMY,EPS,QTR,2022,3,2022-04-29,2.44435
BMY,BMY,EPS,QTR,2022,6,2022-07-27,1.88615
BMY,BMY,EPS,QTR,2022,9,2022-10-25,3.34662
BMY,BMY,EPS,QTR,2022,12,2023-02-02,1.55961
BMY,BMY,EPS,QTR,2023,3,2023-04-27,1.40108
BMY,BMY,EPS,QTR,2023,6,2023-07-27,-5.13771
BMY,BMY,EPS,QTR,2023,9,2023-10-26,4.57424
BMY,BMY,EPS,QTR,2023,12,2024-02-02,1.55692
BMY,BMY,EPS,QTR,2024,3,2024-04-25,0.08813
BMY,BMY,EPS,QTR,2024,6,2024-07-26,6.4612
BMY,BMY,EPS,QTR,2024,9,2024-10-31,4.77637
BMY,BMY,EPS,QTR,2024,12,2025-02-06,5.52526
BMY,BMY,EPS,QTR,2025,3,2025-04-24,5.44235
BMY,BMY,EPS,QTR,2025,6,2025-07-31,5.91517
BMY,BMY,EPS,QTR,2025,9,2025-10-30,1.12097
C,CCC2,EPS,QTR,2021,12,2022-01-14,0.62122
C,CCC2,EPS,QTR,2022,3,2022-04-14,2.09794
C,CCC2,EPS,QTR,2022,6,2022-07-15,4.1067
C,CCC2,EPS,QTR,2022,9,2022-10-14,0.55068
C,CCC2,EPS,QTR,2022,12,2023-01-13,-0.55818
C,CCC2,EPS,QTR,2023,3,2023-04-14,0.99657
C,CCC2,EPS,QTR,2023,6,2023-07-14,0.63368
C,CCC2,EPS,QTR,2023,9,2023-10-13,3.33824
C,CCC2,EPS,QTR,2023,12,2024-01-12,0.2644
C,CCC2,EPS,QTR,2024,3,2024-04-12,7.60371
C,CCC2,EPS,QTR,2024,9,2024-10-15,2.78472
C,CCC2,EPS,QTR,2024,12,2025-01-15,2.80406
C,CCC2,EPS,QTR,2025,3,2025-04-15,0.93079
C,CCC2,EPS,QTR,2025,6,2025-07-15,4.91452
C,CCC2,EPS,QTR,2025,9,2025-10-14,4.60951
CAT,CAT,EPS,QTR,2021,12,2022-01-28,2.65123
CAT,CAT,EPS,QTR,2022,3,2022-04-28,2.37811
CAT,CAT,EPS,QTR,2022,6,2022-08-02,1.71888
CAT,CAT,EPS,QTR,2022,9,2022-10-27,5.62987
CAT,CAT,EPS,QTR,2022,12,2023-01-31,1.28144
CAT,CAT,EPS,QTR,2023,3,2023-04-27,5.83008
CAT,CAT,EPS,QTR,2023,6,2023-08-01,3.20777
CAT,CAT,EPS,QTR,2023,9,2023-10-31,3.69471
CAT,CAT,EPS,QTR,2023,12,2024-02-05,2.26333
CAT,CAT,EPS,QTR,2024,3,2024-04-25,3.3547
CAT,CAT,EPS,QTR,2024,6,2024-08-06,2.2359
CAT,CAT,EPS,QTR,2024,9,2024-10-30,-1.02195
CAT,CAT,EPS,QTR,2024,12,2025-01-30,0.56562
CAT,CAT,EPS,QTR,2025,3,2025-04-30,-0.4056
CAT,CAT,EPS,QTR,2025,6,2025-08-05,-0.90381
CAT,CAT,EPS,QTR,2025,9,2025-10-29,2.64257
CL,CL,EPS,QTR,2021,12,2022-01-28,0.165
CL,CL,EPS,QTR,2022,3,2022-04-29,-0.2404
CL,CL,EPS,QTR,2022,6,2022-07-29,0.63427
CL,CL,EPS,QTR,2022,9,2022-10-28,0.42006
CL,CL,EPS,QTR,2022,12,2023-01-27,0.44822
CL,CL,EPS,QTR,2023,3,2023-04-28,1.03245
CL,CL,EPS,QTR,2023,6,2023-07-28,1.60985
CL,CL,EPS,QTR,2023,9,2023-10-27,4.74131
CL,CL,EPS,QTR,2023,12,2024-01-26,1.15314
CL,CL,EPS,QTR,2024,3,2024-04-26,2.04268
CL,CL,EPS,QTR,2024,6,2024-07-26,3.04541
CL,CL,EPS,QTR,2024,9,2024-10-25,2.27176
CL,CL,EPS,QTR,2024,12,2025-01-31,1.44533
CL,CL,EPS,QTR,2025,3,2025-04-25,2.56769
CL,CL,EPS,QTR,2025,6,2025-08-01,1.26859
CL,CL,EPS,QTR,2025,9,2025-10-31,1.50872
CMCSA,CMCS,EPS,QTR,2021,12,2022-01-27,1.89188
CMCSA,CMCS,EPS,QTR,2022,3,2022-04-28,2.19133
CMCSA,CMCS,EPS,QTR,2022,6,2022-07-28,4.30737
CMCSA,CMCS,EPS,QTR,2022,9,2022-10-27,1.2305
CMCSA,CMCS,EPS,QTR,2022,12,2023-01-26,1.36091
CMCSA,CMCS,EPS,QTR,2023,3,2023-04-27,2.99405
CMCSA,CMCS,EPS,QTR,2023,6,2023-07-27,4.53509
CMCSA,CMCS,EPS,QTR,2023,9,2023-10-26,4.80333
CMCSA,CMCS,EPS,QTR,2023,12,2024-01-25,1.60639
CMCSA,CMCS,EPS,QTR,2024,3,2024-04-25,2.20671
CMCSA,CMCS,EPS,QTR,2024,6,2024-07-23,2.79494
CMCSA,CMCS,EPS,QTR,2024,9,2024-10-31,1.66155
CMCSA,CMCS,EPS,QTR,2024,12,2025-01-30,2.27712
CMCSA,CMCS,EPS,QTR,2025,3,2025-04-24,1.87039
CMCSA,CMCS,EPS,QTR,2025,6,2025-07-31,2.26305
CMCSA,CMCS,EPS,QTR,2025,9,2025-10-30,0.78473
COF,COF,EPS,QTR,2021,12,2022-01-25,0.36804
COF,COF,EPS,QTR,2022,3,2022-04-26,1.00101
COF,COF,EPS,QTR,2022,6,2022-07-21,-0.48765
COF,COF,EPS,QTR,2022,9,2022-10-27,-3.06521
COF,COF,EPS,QTR,2022,12,2023-01-24,-2.50751
COF,COF,EPS,QTR,2023,3,2023-04-27,-5.22584
COF,COF,EPS,QTR,2023,6,2023-07-20,1.05417
COF,COF,EPS,QTR,2023,9,2023-10-26,5.49824
COF,COF,EPS,QTR,2023,12,2024-01-25,-1.39628
COF,COF,EPS,QTR,2024,3,2024-04-25,-0.27917
COF,COF,EPS,QTR,2024,6,2024-07-23,-0.42445
COF,COF,EPS,QTR,2024,9,2024-10-24,3.42821
COF,COF,EPS,QTR,2024,12,2025-01-21,0.81701
COF,COF,EPS,QTR,2025,3,2025-04-22,1.52685
COF,COF,EPS,QTR,2025,6,2025-07-22,3.0217
COF,COF,EPS,QTR,2025,9,2025-10-21,3.73206
COP,P,EPS,QTR,2021,12,2022-02-03,0.77516
COP,P,EPS,QTR,2022,3,2022-05-05,0.48737
COP,P,EPS,QTR,2022,6,2022-08-04,0.42528
COP,P,EPS,QTR,2022,9,2022-11-03,0.67296
COP,P,EPS,QTR,2022,12,2023-02-02,-0.404
COP,P,EPS,QTR,2023,3,2023-05-04,2.72334
COP,P,EPS,QTR,2023,6,2023-08-03,-0.83052
COP,P,EPS,QTR,2023,9,2023-11-02,0.65825
COP,P,EPS,QTR,2023,12,2024-02-08,2.06729
COP,P,EPS,QTR,2024,3,2024-05-02,-0.25142
COP,P,EPS,QTR,2024,6,2024-08-01,0.22348
COP,P,EPS,QTR,2024,9,2024-10-31,2.49807
COP,P,EPS,QTR,2024,12,2025-02-06,2.18788
COP,P,EPS,QTR,2025,3,2025-05-08,0.40505
COP,P,EPS,QTR,2025,6,2025-08-07,0.32144
COP,P,EPS,QTR,2025,9,2025-11-06,1.3673
COST,CCS1,EPS,QTR,2022,2,2022-03-03,1.10617
COST,CCS1,EPS,QTR,2022,5,2022-05-26,1.05063
COST,CCS1,EPS,QTR,2022,8,2022-09-22,0.21277
COST,CCS1,EPS,QTR,2022,11,2022-12-08,-0.06659
COST,CCS1,EPS,QTR,2023,2,2023-03-02,0.88969
COST,CCS1,EPS,QTR,2023,5,2023-05-25,-3.28274
COST,CCS1,EPS,QTR,2023,8,2023-09-26,0.395
COST,CCS1,EPS,QTR,2023,11,2023-12-14,1.32965
COST,CCS1,EPS,QTR,2024,2,2024-03-07,2.87485
COST,CCS1,EPS,QTR,2024,5,2024-05-30,0.62069
COST,CCS1,EPS,QTR,2024,8,2024-09-26,1.38517
COST,CCS1,EPS,QTR,2024,11,2024-12-12,2.00748
COST,CCS1,EPS,QTR,2025,2,2025-03-06,-0.54101
COST,CCS1,EPS,QTR,2025,5,2025-05-29,0.34777
COST,CCS1,EPS,QTR,2025,8,2025-09-25,0.53616
COST,CCS1,EPS,QTR,2025,11,2025-12-11,3.21045
CRM,CRMN,EPS,QTR,2022,1,2022-03-01,3.10692
CRM,CRMN,EPS,QTR,2022,4,2022-05-31,3.00039
CRM,CRMN,EPS,QTR,2022,7,2022-08-24,7.99287
CRM,CRMN,EPS,QTR,2022,10,2022-11-30,9.40957
CRM,CRMN,EPS,QTR,2023,1,2023-03-01,11.29171
CRM,CRMN,EPS,QTR,2023,4,2023-05-31,3.64811
CRM,CRMN,EPS,QTR,2023,7,2023-08-30,19.79498
CRM,CRMN,EPS,QTR,2023,10,2023-11-29,2.56851
CRM,CRMN,EPS,QTR,2024,1,2024-02-28,1.54826
CRM,CRMN,EPS,QTR,2024,4,2024-05-29,3.10852
CRM,CRMN,EPS,QTR,2024,7,2024-08-28,13.79802
CRM,CRMN,EPS,QTR,2024,10,2024-12-03,-1.04592
CRM,CRMN,EPS,QTR,2025,1,2025-02-26,6.16157
CRM,CRMN,EPS,QTR,2025,4,2025-05-28,1.76639
CRM,CRMN,EPS,QTR,2025,7,2025-09-03,9.30462
CRM,CRMN,EPS,QTR,2025,10,2025-12-03,16.03052
CSCO,CSCO,EPS,QTR,2022,1,2022-02-16,7.02791
CSCO,CSCO,EPS,QTR,2022,4,2022-05-18,0.96807
CSCO,CSCO,EPS,QTR,2022,7,2022-08-17,1.01267
CSCO,CSCO,EPS,QTR,2022,10,2022-11-16,3.57324
CSCO,CSCO,EPS,QTR,2023,1,2023-02-15,3.73385
CSCO,CSCO,EPS,QTR,2023,4,2023-05-17,3.92386
CSCO,CSCO,EPS,QTR,2023,7,2023-08-16,11.08304
CSCO,CSCO,EPS,QTR,2023,10,2023-11-15,12.00007
CSCO,CSCO,EPS,QTR,2024,1,2024-02-14,3.23495
CSCO,CSCO,EPS,QTR,2024,4,2024-05-15,2.00469
CSCO,CSCO,EPS,QTR,2024,7,2024-08-14,3.55872
CSCO,CSCO,EPS,QTR,2024,10,2024-11-13,5.10105
CSCO,CSCO,EPS,QTR,2025,1,2025-02-12,5.32787
CSCO,CSCO,EPS,QTR,2025,4,2025-05-14,2.94628
CSCO,CSCO,EPS,QTR,2025,7,2025-08-13,3.02211
CSCO,CSCO,EPS,QTR,2025,10,2025-11-12,2.14683
CVS,MES,EPS,QTR,2021,12,2022-02-09,5.31919
CVS,MES,EPS,QTR,2022,3,2022-05-04,0.66825
CVS,MES,EPS,QTR,2022,6,2022-08-03,3.95928
CVS,MES,EPS,QTR,2022,9,2022-11-02,2.43246
CVS,MES,EPS,QTR,2022,12,2023-02-08,2.98286
CVS,MES,EPS,QTR,2023,3,2023-05-03,1.79043
CVS,MES,EPS,QTR,2023,6,2023-08-02,0.96108
CVS,MES,EPS,QTR,2023,9,2023-11-01,1.59646
CVS,MES,EPS,QTR,2023,12,2024-02-07,2.82928
CVS,MES,EPS,QTR,2024,3,2024-05-01,-4.65892
CVS,MES,EPS,QTR,2024,6,2024-08-07,1.02497
CVS,MES,EPS,QTR,2024,9,2024-11-06,-1.30634
CVS,MES,EPS,QTR,2024,12,2025-02-12,1.93146
CVS,MES,EPS,QTR,2025,3,2025-05-01,5.36851
CVS,MES,EPS,QTR,2025,6,2025-07-31,4.29229
CVS,MES,EPS,QTR,2025,9,2025-10-29,3.10069
CVX,CHV,EPS,QTR,2021,12,2022-01-28,-3.07307
CVX,CHV,EPS,QTR,2022,3,2022-04-29,0.24003
CVX,CHV,EPS,QTR,2022,6,2022-07-29,2.83538
CVX,CHV,EPS,QTR,2022,9,2022-10-28,1.80241
CVX,CHV,EPS,QTR,2022,12,2023-01-27,-1.10431
CVX,CHV,EPS,QTR,2023,3,2023-04-28,0.71547
CVX,CHV,EPS,QTR,2023,6,2023-07-23,0.37439
CVX,CHV,EPS,QTR,2023,9,2023-10-27,-3.90501
CVX,CHV,EPS,QTR,2023,12,2024-02-02,1.42838
CVX,CHV,EPS,QTR,2024,3,2024-04-26,0.48675
CVX,CHV,EPS,QTR,2024,6,2024-08-02,-2.59654
CVX,CHV,EPS,QTR,2024,9,2024-11-01,1.14948
CVX,CHV,EPS,QTR,2024,12,2025-01-31,-0.47751
CVX,CHV,EPS,QTR,2025,3,2025-05-02,-0.01527
CVX,CHV,EPS,QTR,2025,6,2025-08-01,1.37264
CVX,CHV,EPS,QTR,2025,9,2025-10-31,1.63646
DE,DE,EPS,QTR,2022,1,2022-02-18,1.62834
DE,DE,EPS,QTR,2022,4,2022-05-20,0.27825
DE,DE,EPS,QTR,2022,7,2022-08-19,-2.55652
DE,DE,EPS,QTR,2022,10,2022-11-23,1.82881
DE,DE,EPS,QTR,2023,1,2023-02-17,3.46211
DE,DE,EPS,QTR,2023,4,2023-05-19,2.24406
DE,DE,EPS,QTR,2023,7,2023-08-18,5.09093
DE,DE,EPS,QTR,2023,10,2023-11-22,3.9552
DE,DE,EPS,QTR,2024,1,2024-02-15,3.77564
DE,DE,EPS,QTR,2024,4,2024-05-16,2.65036
DE,DE,EPS,QTR,2024,7,2024-08-15,2.04502
DE,DE,EPS,QTR,2024,10,2024-11-21,2.13033
DE,DE,EPS,QTR,2025,1,2025-02-13,0.56221
DE,DE,EPS,QTR,2025,4,2025-05-15,3.45739
DE,DE,EPS,QTR,2025,7,2025-08-14,0.76447
DE,DE,EPS,QTR,2025,10,2025-11-26,0.42352
DHR,DMG,EPS,QTR,2021,12,2022-01-27,1.56395
DHR,DMG,EPS,QTR,2022,3,2022-04-21,1.03546
DHR,DMG,EPS,QTR,2022,6,2022-07-21,7.22114
DHR,DMG,EPS,QTR,2022,9,2022-10-20,5.85487
DHR,DMG,EPS,QTR,2022,12,2023-01-24,2.08888
DHR,DMG,EPS,QTR,2023,3,2023-04-25,4.55863
DHR,DMG,EPS,QTR,2023,6,2023-07-25,0.82758
DHR,DMG,EPS,QTR,2023,9,2023-10-24,1.74329
DHR,DMG,EPS,QTR,2023,12,2024-01-30,2.23416
DHR,DMG,EPS,QTR,2024,3,2024-04-23,6.18306
DHR,DMG,EPS,QTR,2024,6,2024-07-23,6.20986
DHR,DMG,EPS,QTR,2024,9,2024-10-22,4.07112
DHR,DMG,EPS,QTR,2024,12,2025-01-29,-0.62208
DHR,DMG,EPS,QTR,2025,3,2025-04-22,3.07894
DHR,DMG,EPS,QTR,2025,6,2025-07-22,8.71658
DHR,DMG,EPS,QTR,2025,9,2025-10-21,8.4087
DIS,DIS,EPS,QTR,2021,12,2022-02-09,2.10502
DIS,DIS,EPS,QTR,2022,3,2022-05-11,-0.8185
DIS,DIS,EPS,QTR,2022,6,2022-08-10,0.81546
DIS,DIS,EPS,QTR,2022,9,2022-11-08,-1.7888
DIS,DIS,EPS,QTR,2022,12,2023-02-08,1.44796
DIS,DIS,EPS,QTR,2023,3,2023-05-10,-0.00658
DIS,DIS,EPS,QTR,2023,6,2023-08-09,1.14118
DIS,DIS,EPS,QTR,2023,9,2023-11-08,2.30254
DIS,DIS,EPS,QTR,2023,12,2024-02-07,4.0587
DIS,DIS,EPS,QTR,2024,3,2024-05-07,3.15578
DIS,DIS,EPS,QTR,2024,6,2024-08-07,4.35026
DIS,DIS,EPS,QTR,2024,9,2024-11-14,0.7836
DIS,DIS,EPS,QTR,2024,12,2025-02-05,3.09742
DIS,DIS,EPS,QTR,2025,3,2025-05-07,3.68175
DIS,DIS,EPS,QTR,2025,6,2025-08-06,1.46769
DIS,DIS,EPS,QTR,2025,9,2025-11-13,0.69179
DUK,DUK,EPS,QTR,2021,12,2022-02-10,-0.43031
DUK,DUK,EPS,QTR,2022,3,2022-05-09,-0.842
DUK,DUK,EPS,QTR,2022,6,2022-08-04,1.40588
DUK,DUK,EPS,QTR,2022,9,2022-11-04,-1.08521
DUK,DUK,EPS,QTR,2022,12,2023-02-09,0.69536
DUK,DUK,EPS,QTR,2023,3,2023-05-09,-1.02161
DUK,DUK,EPS,QTR,2023,6,2023-08-08,-0.63903
DUK,DUK,EPS,QTR,2023,9,2023-11-02,0.49841
DUK,DUK,EPS,QTR,2023,12,2024-02-08,-0.99513
DUK,DUK,EPS,QTR,2024,3,2024-05-07,1.62376
DUK,DUK,EPS,QTR,2024,6,2024-08-06,5.70126
DUK,DUK,EPS,QTR,2024,9,2024-11-07,-1.05918
DUK,DUK,EPS,QTR,2024,12,2025-02-13,-0.1066
DUK,DUK,EPS,QTR,2025,3,2025-05-06,4.13542
DUK,DUK,EPS,QTR,2025,6,2025-08-05,4.44312
DUK,DUK,EPS,QTR,2025,9,2025-11-07,2.13462
EMR,EMR,EPS,QTR,2021,12,2022-02-02,1.90634
EMR,EMR,EPS,QTR,2022,3,2022-05-04,6.80782
EMR,EMR,EPS,QTR,2022,6,2022-08-09,2.76006
EMR,EMR,EPS,QTR,2022,9,2022-10-31,3.96342
EMR,EMR,EPS,QTR,2022,12,2023-02-08,-5.82607
EMR,EMR,EPS,QTR,2023,3,2023-05-03,4.36908
EMR,EMR,EPS,QTR,2023,6,2023-08-02,11.68239
EMR,EMR,EPS,QTR,2023,9,2023-11-07,-0.58807
EMR,EMR,EPS,QTR,2023,12,2024-02-07,8.29805
EMR,EMR,EPS,QTR,2024,3,2024-05-08,7.95573
EMR,EMR,EPS,QTR,2024,6,2024-08-07,0.45943
EMR,EMR,EPS,QTR,2024,9,2024-11-05,0.76317
EMR,EMR,EPS,QTR,2024,12,2025-02-05,7.90147
EMR,EMR,EPS,QTR,2025,3,2025-05-07,3.77971
EMR,EMR,EPS,QTR,2025,6,2025-08-06,0.87945
EMR,EMR,EPS,QTR,2025,9,2025-11-05,0.35905
FDX,FDX,EPS,QTR,2022,2,2022-03-17,-0.22808
FDX,FDX,EPS,QTR,2022,5,2022-06-23,0.04375
FDX,FDX,EPS,QTR,2022,8,2022-09-15,-6.56381
FDX,FDX,EPS,QTR,2022,11,2022-12-20,3.64447
FDX,FDX,EPS,QTR,2023,2,2023-03-16,4.24205
FDX,FDX,EPS,QTR,2023,5,2023-06-20,0.40461
FDX,FDX,EPS,QTR,2023,8,2023-09-20,3.98099
FDX,FDX,EPS,QTR,2023,11,2023-12-19,-0.80407
FDX,FDX,EPS,QTR,2024,2,2024-03-21,1.5587
FDX,FDX,EPS,QTR,2024,5,2024-06-25,0.54356
FDX,FDX,EPS,QTR,2024,8,2024-09-19,-6.69355
FDX,FDX,EPS,QTR,2024,11,2024-12-19,0.45551
FDX,FDX,EPS,QTR,2025,2,2025-03-20,-0.0896
FDX,FDX,EPS,QTR,2025,5,2025-06-24,1.14552
FDX,FDX,EPS,QTR,2025,8,2025-09-18,1.82511
FDX,FDX,EPS,QTR,2025,11,2025-12-18,7.58396
GD,GD,EPS,QTR,2021,12,2022-01-26,0.48067
GD,GD,EPS,QTR,2022,3,2022-04-27,1.95434
GD,GD,EPS,QTR,2022,6,2022-07-27,1.06396
GD,GD,EPS,QTR,2022,9,2022-10-26,2.69555
GD,GD,EPS,QTR,2022,12,2023-01-25,0.73179
GD,GD,EPS,QTR,2023,3,2023-04-26,0.50565
GD,GD,EPS,QTR,2023,6,2023-07-26,1.80018
GD,GD,EPS,QTR,2023,9,2023-10-25,1.35207
GD,GD,EPS,QTR,2023,12,2024-01-24,-0.13655
GD,GD,EPS,QTR,2024,3,2024-04-24,-0.22025
GD,GD,EPS,QTR,2024,6,2024-07-24,-0.07051
GD,GD,EPS,QTR,2024,9,2024-10-23,-0.58873
GD,GD,EPS,QTR,2024,12,2025-01-29,0.37939
GD,GD,EPS,QTR,2025,3,2025-04-23,2.06145
GD,GD,EPS,QTR,2025,6,2025-07-23,1.58933
GD,GD,EPS,QTR,2025,9,2025-10-24,2.02569
GE,GE,EPS,QTR,2021,12,2022-01-25,1.35053
GE,GE,EPS,QTR,2022,3,2022-04-26,1.0616
GE,GE,EPS,QTR,2022,6,2022-07-26,7.49333
GE,GE,EPS,QTR,2022,9,2022-10-25,5.05167
GE,GE,EPS,QTR,2022,12,2023-01-24,1.03095
GE,GE,EPS,QTR,2023,3,2023-04-25,9.63171
GE,GE,EPS,QTR,2023,6,2023-07-25,7.37993
GE,GE,EPS,QTR,2023,9,2023-10-24,10.86614
GE,GE,EPS,QTR,2023,12,2024-01-23,2.90787
GE,GE,EPS,QTR,2024,3,2024-04-23,5.5337
GE,GE,EPS,QTR,2024,6,2024-07-23,2.87636
GE,GE,EPS,QTR,2024,9,2024-10-22,0.24878
GE,GE,EPS,QTR,2024,12,2025-01-23,5.73675
GE,GE,EPS,QTR,2025,3,2025-04-22,2.96782
GE,GE,EPS,QTR,2025,6,2025-07-17,3.01282
GE,GE,EPS,QTR,2025,9,2025-10-21,3.22255
GILD,GIL1,EPS,QTR,2021,12,2022-02-01,-4.05922
GILD,GIL1,EPS,QTR,2022,3,2022-04-28,1.95514
GILD,GIL1,EPS,QTR,2022,6,2022-08-02,0.58795
GILD,GIL1,EPS,QTR,2022,9,2022-10-27,3.09633
GILD,GIL1,EPS,QTR,2022,12,2023-02-02,1.57835
GILD,GIL1,EPS,QTR,2023,3,2023-04-27,-0.88217
GILD,GIL1,EPS,QTR,2023,6,2023-08-03,0.17357
GILD,GIL1,EPS,QTR,2023,9,2023-11-07,4.9172
GILD,GIL1,EPS,QTR,2023,12,2024-02-06,-0.34009
GILD,GIL1,EPS,QTR,2024,3,2024-04-25,0.70809
GILD,GIL1,EPS,QTR,2024,6,2024-08-08,4.34777
GILD,GIL1,EPS,QTR,2024,9,2024-11-06,3.65874
GILD,GIL1,EPS,QTR,2024,12,2025-02-11,3.13951
GILD,GIL1,EPS,QTR,2025,3,2025-04-24,0.23447
GILD,GIL1,EPS,QTR,2025,6,2025-08-07,1.00958
GILD,GIL1,EPS,QTR,2025,9,2025-10-30,5.93445
GM,GNM,EPS,QTR,2021,12,2022-02-01,0.8959
GM,GNM,EPS,QTR,2022,3,2022-04-26,2.26265
GM,GNM,EPS,QTR,2022,6,2022-07-26,-1.48131
GM,GNM,EPS,QTR,2022,9,2022-10-25,2.64518
GM,GNM,EPS,QTR,2022,12,2023-01-31,4.46313
GM,GNM,EPS,QTR,2023,3,2023-04-25,3.26972
GM,GNM,EPS,QTR,2023,6,2023-07-25,2.09297
GM,GNM,EPS,QTR,2023,9,2023-10-24,1.93308
GM,GNM,EPS,QTR,2023,12,2024-01-30,0.54128
GM,GNM,EPS,QTR,2024,3,2024-04-23,2.57363
GM,GNM,EPS,QTR,2024,6,2024-07-23,1.78193
GM,GNM,EPS,QTR,2024,9,2024-10-22,2.1785
GM,GNM,EPS,QTR,2024,12,2025-01-28,0.10507
GM,GNM,EPS,QTR,2025,3,2025-04-29,0.18115
GM,GNM,EPS,QTR,2025,6,2025-07-22,0.34377
GM,GNM,EPS,QTR,2025,9,2025-10-21,2.93164
GOOG,GOOG/1,EPS,QTR,2021,12,2022-02-01,1.63606
GOOG,GOOG/1,EPS,QTR,2022,3,2022-04-26,-0.62527
GOOG,GOOG/1,EPS,QTR,2022,6,2022-07-26,-0.9883
GOOG,GOOG/1,EPS,QTR,2022,9,2022-10-25,-2.28107
GOOG,GOOG/1,EPS,QTR,2022,12,2023-02-02,-1.4957
GOOG,GOOG/1,EPS,QTR,2023,3,2023-04-25,1.2122
GOOG,GOOG/1,EPS,QTR,2023,6,2023-07-25,1.09526
GOOG,GOOG/1,EPS,QTR,2023,9,2023-10-24,1.56325
GOOG,GOOG/1,EPS,QTR,2023,12,2024-01-30,0.58855
GOOG,GOOG/1,EPS,QTR,2024,3,2024-04-25,4.88463
GOOG,GOOG/1,EPS,QTR,2024,6,2024-07-23,0.52224
GOOG,GOOG/1,EPS,QTR,2024,9,2024-10-29,3.85409
GOOG,GOOG/1,EPS,QTR,2024,12,2025-02-04,0.22017
GOOG,GOOG/1,EPS,QTR,2025,3,2025-04-24,3.04368
GOOG,GOOG/1,EPS,QTR,2025,6,2025-07-23,1.86868
GOOG,GOOG/1,EPS,QTR,2025,9,2025-10-29,9.55262
GOOGL,GOOG,EPS,QTR,2021,12,2022-02-01,1.70726
GOOGL,GOOG,EPS,QTR,2022,3,2022-04-26,-0.59114
GOOGL,GOOG,EPS,QTR,2022,6,2022-07-26,-0.7448
GOOGL,GOOG,EPS,QTR,2022,9,2022-10-25,-2.4154
GOOGL,GOOG,EPS,QTR,2022,12,2023-02-02,-1.31735
GOOGL,GOOG,EPS,QTR,2023,3,2023-04-25,1.20547
GOOGL,GOOG,EPS,QTR,2023,6,2023-07-25,1.15825
GOOGL,GOOG,EPS,QTR,2023,9,2023-10-24,1.54659
GOOGL,GOOG,EPS,QTR,2023,12,2024-01-30,0.61517
GOOGL,GOOG,EPS,QTR,2024,3,2024-04-25,4.74877
GOOGL,GOOG,EPS,QTR,2024,6,2024-07-23,0.55407
GOOGL,GOOG,EPS,QTR,2024,9,2024-10-29,4.13752
GOOGL,GOOG,EPS,QTR,2024,12,2025-02-04,0.21263
GOOGL,GOOG,EPS,QTR,2025,3,2025-04-24,3.09308
GOOGL,GOOG,EPS,QTR,2025,6,2025-07-23,1.61331
GOOGL,GOOG,EPS,QTR,2025,9,2025-10-29,9.76232
GS,GSG,EPS,QTR,2021,12,2022-01-18,-1.18963
GS,GSG,EPS,QTR,2022,3,2022-04-14,1.70481
GS,GSG,EPS,QTR,2022,6,2022-07-18,0.98051
GS,GSG,EPS,QTR,2022,9,2022-10-18,0.87963
GS,GSG,EPS,QTR,2022,12,2023-01-17,-2.40243
GS,GSG,EPS,QTR,2023,3,2023-04-18,1.57851
GS,GSG,EPS,QTR,2023,6,2023-07-19,-0.09592
GS,GSG,EPS,QTR,2023,9,2023-10-17,0.29173
GS,GSG,EPS,QTR,2023,12,2024-01-16,2.22057
GS,GSG,EPS,QTR,2024,3,2024-04-15,5.42448
GS,GSG,EPS,QTR,2024,6,2024-07-15,0.61243
GS,GSG,EPS,QTR,2024,9,2024-10-15,2.28573
GS,GSG,EPS,QTR,2024,12,2025-01-15,9.02941
GS,GSG,EPS,QTR,2025,3,2025-04-14,3.3138
GS,GSG,EPS,QTR,2025,6,2025-07-16,2.29345
GS,GSG,EPS,QTR,2025,9,2025-10-14,1.95619
HD,HD,EPS,QTR,2022,1,2022-02-22,0.19939
HD,HD,EPS,QTR,2022,4,2022-05-17,5.15707
HD,HD,EPS,QTR,2022,7,2022-08-16,1.2899
HD,HD,EPS,QTR,2022,10,2022-11-15,2.72678
HD,HD,EPS,QTR,2023,1,2023-02-21,0.61289
HD,HD,EPS,QTR,2023,4,2023-05-16,0.26402
HD,HD,EPS,QTR,2023,7,2023-08-15,1.42087
HD,HD,EPS,QTR,2023,10,2023-11-14,0.51424
HD,HD,EPS,QTR,2024,1,2024-02-20,0.64143
HD,HD,EPS,QTR,2024,4,2024-05-14,0.27657
HD,HD,EPS,QTR,2024,7,2024-08-13,0.9563
HD,HD,EPS,QTR,2024,10,2024-11-12,0.2017
HD,HD,EPS,QTR,2025,1,2025-02-25,0.11928
HD,HD,EPS,QTR,2025,4,2025-05-20,-0.50497
HD,HD,EPS,QTR,2025,7,2025-08-19,-0.39014
HD,HD,EPS,QTR,2025,10,2025-11-18,-1.46453
HON,ALD,EPS,QTR,2021,12,2022-02-03,0.74415
HON,ALD,EPS,QTR,2022,3,2022-04-29,1.65259
HON,ALD,EPS,QTR,2022,6,2022-07-28,3.23368
HON,ALD,EPS,QTR,2022,9,2022-10-27,3.53238
HON,ALD,EPS,QTR,2022,12,2023-02-02,0.37622
HON,ALD,EPS,QTR,2023,3,2023-04-27,6.6611
HON,ALD,EPS,QTR,2023,6,2023-07-27,1.31891
HON,ALD,EPS,QTR,2023,9,2023-10-26,2.51774
HON,ALD,EPS,QTR,2023,12,2024-02-01,0.32757
HON,ALD,EPS,QTR,2024,3,2024-04-25,3.29826
HON,ALD,EPS,QTR,2024,6,2024-07-25,3.64089
HON,ALD,EPS,QTR,2024,9,2024-10-24,2.16703
HON,ALD,EPS,QTR,2024,12,2025-02-06,3.21358
HON,ALD,EPS,QTR,2025,3,2025-04-29,14.87437
HON,ALD,EPS,QTR,2025,6,2025-07-24,3.65035
HON,ALD,EPS,QTR,2025,9,2025-10-23,13.95377
IBM,IBM,EPS,QTR,2021,12,2022-01-24,0.20298
IBM,IBM,EPS,QTR,2022,3,2022-04-19,0.20019
IBM,IBM,EPS,QTR,2022,6,2022-07-18,0.59404
IBM,IBM,EPS,QTR,2022,9,2022-10-19,0.36922
IBM,IBM,EPS,QTR,2022,12,2023-01-25,0.03739
IBM,IBM,EPS,QTR,2023,3,2023-04-19,1.34156
IBM,IBM,EPS,QTR,2023,6,2023-07-19,2.49601
IBM,IBM,EPS,QTR,2023,9,2023-10-25,3.30975
IBM,IBM,EPS,QTR,2023,12,2024-01-24,1.40297
IBM,IBM,EPS,QTR,2024,3,2024-04-24,1.25952
IBM,IBM,EPS,QTR,2024,6,2024-07-24,4.5089
IBM,IBM,EPS,QTR,2024,9,2024-10-23,0.89009
IBM,IBM,EPS,QTR,2024,12,2025-01-29,5.58823
IBM,IBM,EPS,QTR,2025,3,2025-04-23,4.03158
IBM,IBM,EPS,QTR,2025,6,2025-07-23,5.70567
IBM,IBM,EPS,QTR,2025,9,2025-10-22,2.87749
INTC,INTC,EPS,QTR,2021,12,2022-01-26,12.70666
INTC,INTC,EPS,QTR,2022,3,2022-04-28,4.33075
INTC,INTC,EPS,QTR,2022,6,2022-07-28,-15.19137
INTC,INTC,EPS,QTR,2022,9,2022-10-27,5.91374
INTC,INTC,EPS,QTR,2022,12,2023-01-26,-4.53177
INTC,INTC,EPS,QTR,2023,3,2023-04-27,6.14479
INTC,INTC,EPS,QTR,2023,6,2023-07-27,10.24872
INTC,INTC,EPS,QTR,2023,9,2023-10-26,7.39433
INTC,INTC,EPS,QTR,2023,12,2024-01-25,4.45988
INTC,INTC,EPS,QTR,2024,3,2024-04-25,1.81754
INTC,INTC,EPS,QTR,2024,6,2024-08-01,-5.62487
INTC,INTC,EPS,QTR,2024,9,2024-10-31,9.1091
INTC,INTC,EPS,QTR,2024,12,2025-01-30,0.35486
INTC,INTC,EPS,QTR,2025,3,2025-04-24,8.21848
INTC,INTC,EPS,QTR,2025,6,2025-07-24,3.38368
INTC,INTC,EPS,QTR,2025,9,2025-10-23,10.07327
INTU,INTU,EPS,QTR,2022,1,2022-02-24,-3.90705
INTU,INTU,EPS,QTR,2022,4,2022-05-24,0.70616
INTU,INTU,EPS,QTR,2022,7,2022-08-23,5.43202
INTU,INTU,EPS,QTR,2022,10,2022-11-29,3.4427
INTU,INTU,EPS,QTR,2023,1,2023-02-23,51.3008
INTU,INTU,EPS,QTR,2023,4,2023-05-23,3.00367
INTU,INTU,EPS,QTR,2023,7,2023-08-24,1.29646
INTU,INTU,EPS,QTR,2023,10,2023-11-28,24.72578
INTU,INTU,EPS,QTR,2024,1,2024-02-22,6.48951
INTU,INTU,EPS,QTR,2024,4,2024-05-23,11.54833
INTU,INTU,EPS,QTR,2024,7,2024-08-22,3.80175
INTU,INTU,EPS,QTR,2024,10,2024-11-21,8.10514
INTU,INTU,EPS,QTR,2025,1,2025-02-25,68.51665
INTU,INTU,EPS,QTR,2025,4,2025-05-22,16.24906
INTU,INTU,EPS,QTR,2025,7,2025-08-21,2.21596
INTU,INTU,EPS,QTR,2025,10,2025-11-20,14.91715
ISRG,ISRG,EPS,QTR,2021,12,2022-01-20,0.63883
ISRG,ISRG,EPS,QTR,2022,3,2022-04-21,1.509
ISRG,ISRG,EPS,QTR,2022,6,2022-07-21,-1.15958
ISRG,ISRG,EPS,QTR,2022,9,2022-10-18,1.67536
ISRG,ISRG,EPS,QTR,2022,12,2023-01-24,-0.41184
ISRG,ISRG,EPS,QTR,2023,3,2023-04-18,0.94491
ISRG,ISRG,EPS,QTR,2023,6,2023-07-20,2.62152
ISRG,ISRG,EPS,QTR,2023,9,2023-10-19,1.28886
ISRG,ISRG,EPS,QTR,2023,12,2024-01-23,3.24839
ISRG,ISRG,EPS,QTR,2024,3,2024-04-18,1.56292
ISRG,ISRG,EPS,QTR,2024,6,2024-07-18,6.85242
ISRG,ISRG,EPS,QTR,2024,9,2024-10-17,4.24724
ISRG,ISRG,EPS,QTR,2024,12,2025-01-23,4.64579
ISRG,ISRG,EPS,QTR,2025,3,2025-04-22,1.65904
ISRG,ISRG,EPS,QTR,2025,6,2025-07-22,5.34734
ISRG,ISRG,EPS,QTR,2025,9,2025-10-21,7.54471
JNJ,JNJ,EPS,QTR,2021,12,2022-01-25,0.38624
JNJ,JNJ,EPS,QTR,2022,3,2022-04-19,0.73181
JNJ,JNJ,EPS,QTR,2022,6,2022-07-19,0.73204
JNJ,JNJ,EPS,QTR,2022,9,2022-10-18,0.77134
JNJ,JNJ,EPS,QTR,2022,12,2023-01-24,6.97571
JNJ,JNJ,EPS,QTR,2023,3,2023-04-18,3.32379
JNJ,JNJ,EPS,QTR,2023,6,2023-07-20,4.68632
JNJ,JNJ,EPS,QTR,2023,9,2023-10-17,3.41893
JNJ,JNJ,EPS,QTR,2023,12,2024-01-23,0.46611
JNJ,JNJ,EPS,QTR,2024,3,2024-04-16,1.34227
JNJ,JNJ,EPS,QTR,2024,9,2024-10-15,1.61146
JNJ,JNJ,EPS,QTR,2024,12,2025-01-22,0.68308
JNJ,JNJ,EPS,QTR,2025,3,2025-04-15,1.71558
JNJ,JNJ,EPS,QTR,2025,6,2025-07-16,0.8878
JNJ,JNJ,EPS,QTR,2025,9,2025-10-14,0.80847
JPM,CHL,EPS,QTR,2021,12,2022-01-14,2.75359
JPM,CHL,EPS,QTR,2022,3,2022-04-13,0.6034
JPM,CHL,EPS,QTR,2022,6,2022-07-14,-0.67615
JPM,CHL,EPS,QTR,2022,9,2022-10-14,2.22664
JPM,CHL,EPS,QTR,2022,12,2023-01-13,2.1479
JPM,CHL,EPS,QTR,2023,3,2023-04-14,3.81535
JPM,CHL,EPS,QTR,2023,6,2023-07-14,2.24095
JPM,CHL,EPS,QTR,2023,9,2023-10-13,3.31065
JPM,CHL,EPS,QTR,2023,12,2024-01-12,-0.61951
JPM,CHL,EPS,QTR,2024,3,2024-04-12,1.58696
JPM,CHL,EPS,QTR,2024,9,2024-10-11,2.9096
JPM,CHL,EPS,QTR,2024,12,2025-01-15,4.15187
JPM,CHL,EPS,QTR,2025,3,2025-04-11,1.71905
JPM,CHL,EPS,QTR,2025,6,2025-07-15,3.01752
JPM,CHL,EPS,QTR,2025,9,2025-10-14,2.02065
KO,KO,EPS,QTR,2021,12,2022-02-10,2.04765
KO,KO,EPS,QTR,2022,3,2022-04-25,3.61647
KO,KO,EPS,QTR,2022,6,2022-07-26,1.69102
KO,KO,EPS,QTR,2022,9,2022-10-25,2.78069
KO,KO,EPS,QTR,2022,12,2023-02-14,0.20756
KO,KO,EPS,QTR,2023,3,2023-04-24,2.48149
KO,KO,EPS,QTR,2023,6,2023-07-26,3.14778
KO,KO,EPS,QTR,2023,9,2023-10-24,3.39097
KO,KO,EPS,QTR,2023,12,2024-02-13,0.27002
KO,KO,EPS,QTR,2024,3,2024-04-30,2.47478
KO,KO,EPS,QTR,2024,6,2024-07-23,2.69312
KO,KO,EPS,QTR,2024,9,2024-10-23,3.21527
KO,KO,EPS,QTR,2024,12,2025-02-11,5.57032
KO,KO,EPS,QTR,2025,3,2025-04-29,1.67239
KO,KO,EPS,QTR,2025,6,2025-07-22,3.84704
KO,KO,EPS,QTR,2025,9,2025-10-21,4.47603
LIN,PX1,EPS,QTR,2021,12,2022-02-10,2.32707
LIN,PX1,EPS,QTR,2022,3,2022-04-28,4.04491
LIN,PX1,EPS,QTR,2022,6,2022-07-28,4.4058
LIN,PX1,EPS,QTR,2022,9,2022-10-27,4.1135
LIN,PX1,EPS,QTR,2022,12,2023-02-07,3.50959
LIN,PX1,EPS,QTR,2023,3,2023-04-27,8.03568
LIN,PX1,EPS,QTR,2023,6,2023-07-27,2.24132
LIN,PX1,EPS,QTR,2023,9,2023-10-26,2.14087
LIN,PX1,EPS,QTR,2023,12,2024-02-06,3.39306
LIN,PX1,EPS,QTR,2024,3,2024-05-02,2.06547
LIN,PX1,EPS,QTR,2024,6,2024-08-02,3.05249
LIN,PX1,EPS,QTR,2024,9,2024-10-31,2.36397
LIN,PX1,EPS,QTR,2024,12,2025-02-06,1.17141
LIN,PX1,EPS,QTR,2025,3,2025-05-01,1.01743
LIN,PX1,EPS,QTR,2025,6,2025-08-01,1.80392
LIN,PX1,EPS,QTR,2025,9,2025-10-31,0.96619
LLY,LLY,EPS,QTR,2021,12,2022-02-03,0.30014
LLY,LLY,EPS,QTR,2022,3,2022-04-28,2.03221
LLY,LLY,EPS,QTR,2022,6,2022-08-04,-2.88141
LLY,LLY,EPS,QTR,2022,9,2022-11-01,0.59819
LLY,LLY,EPS,QTR,2022,12,2023-02-02,2.16991
LLY,LLY,EPS,QTR,2023,3,2023-04-27,-0.71842
LLY,LLY,EPS,QTR,2023,6,2023-08-08,1.46528
LLY,LLY,EPS,QTR,2023,9,2023-11-02,0.63445
LLY,LLY,EPS,QTR,2023,12,2024-02-06,1.89694
LLY,LLY,EPS,QTR,2024,3,2024-04-30,0.8173
LLY,LLY,EPS,QTR,2024,6,2024-08-08,4.81642
LLY,LLY,EPS,QTR,2024,9,2024-10-30,-1.22497
LLY,LLY,EPS,QTR,2024,12,2025-02-06,2.37453
LLY,LLY,EPS,QTR,2025,3,2025-05-01,0.99569
LLY,LLY,EPS,QTR,2025,6,2025-08-07,6.05264
LLY,LLY,EPS,QTR,2025,9,2025-10-30,11.6499
LMT,LK,EPS,QTR,2021,12,2022-01-25,2.17863
LMT,LK,EPS,QTR,2022,3,2022-04-19,2.11354
LMT,LK,EPS,QTR,2022,6,2022-07-19,-2.44085
LMT,LK,EPS,QTR,2022,9,2022-10-18,0.16754
LMT,LK,EPS,QTR,2022,12,2023-01-24,0.07206
LMT,LK,EPS,QTR,2023,3,2023-04-18,4.99897
LMT,LK,EPS,QTR,2023,6,2023-07-18,1.57262
LMT,LK,EPS,QTR,2023,9,2023-10-17,0.50423
LMT,LK,EPS,QTR,2023,12,2024-01-23,6.17309
LMT,LK,EPS,QTR,2024,3,2024-04-23,3.33781
LMT,LK,EPS,QTR,2024,6,2024-07-23,2.46625
LMT,LK,EPS,QTR,2024,9,2024-10-22,1.75445
LMT,LK,EPS,QTR,2024,12,2025-01-28,13.7018
LMT,LK,EPS,QTR,2025,3,2025-04-22,7.28686
LMT,LK,EPS,QTR,2025,6,2025-07-22,2.43493
LMT,LK,EPS,QTR,2025,9,2025-10-21,5.09775
LOW,LOW,EPS,QTR,2022,1,2022-02-23,0.72986
LOW,LOW,EPS,QTR,2022,4,2022-05-18,2.4602
LOW,LOW,EPS,QTR,2022,7,2022-08-17,0.82122
LOW,LOW,EPS,QTR,2022,10,2022-11-16,1.67361
LOW,LOW,EPS,QTR,2023,1,2023-03-01,1.24678
LOW,LOW,EPS,QTR,2023,4,2023-05-23,2.27452
LOW,LOW,EPS,QTR,2023,7,2023-08-22,1.1557
LOW,LOW,EPS,QTR,2023,10,2023-11-21,0.39421
LOW,LOW,EPS,QTR,2024,1,2024-02-27,1.89955
LOW,LOW,EPS,QTR,2024,4,2024-05-21,3.12951
LOW,LOW,EPS,QTR,2024,7,2024-08-20,3.0559
LOW,LOW,EPS,QTR,2024,10,2024-11-19,2.04022
LOW,LOW,EPS,QTR,2025,1,2025-02-26,1.31644
LOW,LOW,EPS,QTR,2025,4,2025-05-21,1.10149
LOW,LOW,EPS,QTR,2025,7,2025-08-20,1.97679
LOW,LOW,EPS,QTR,2025,10,2025-11-19,1.52619
MA,MAAA,EPS,QTR,2021,12,2022-01-27,3.45031
MA,MAAA,EPS,QTR,2022,3,2022-04-28,5.39559
MA,MAAA,EPS,QTR,2022,6,2022-07-28,3.38303
MA,MAAA,EPS,QTR,2022,9,2022-10-27,1.89747
MA,MAAA,EPS,QTR,2022,12,2023-01-26,2.13956
MA,MAAA,EPS,QTR,2023,3,2023-04-27,1.92414
MA,MAAA,EPS,QTR,2023,6,2023-07-27,0.59042
MA,MAAA,EPS,QTR,2023,9,2023-10-26,2.97219
MA,MAAA,EPS,QTR,2023,12,2024-01-31,3.14634
MA,MAAA,EPS,QTR,2024,3,2024-05-01,1.25593
MA,MAAA,EPS,QTR,2024,6,2024-07-31,2.94864
MA,MAAA,EPS,QTR,2024,9,2024-10-31,2.78737
MA,MAAA,EPS,QTR,2024,12,2025-01-30,3.2052
MA,MAAA,EPS,QTR,2025,3,2025-05-01,2.34526
MA,MAAA,EPS,QTR,2025,6,2025-07-31,2.60181
MA,MAAA,EPS,QTR,2025,9,2025-10-30,1.39458
MCD,MCD,EPS,QTR,2021,12,2022-01-27,-1.33285
MCD,MCD,EPS,QTR,2022,3,2022-04-28,1.28824
MCD,MCD,EPS,QTR,2022,6,2022-07-26,0.92337
MCD,MCD,EPS,QTR,2022,9,2022-10-27,2.1866
MCD,MCD,EPS,QTR,2022,12,2023-01-31,1.96438
MCD,MCD,EPS,QTR,2023,3,2023-04-25,3.5224
MCD,MCD,EPS,QTR,2023,6,2023-07-27,4.96101
MCD,MCD,EPS,QTR,2023,9,2023-10-30,2.96948
MCD,MCD,EPS,QTR,2023,12,2024-02-05,2.29021
MCD,MCD,EPS,QTR,2024,3,2024-04-30,-0.37857
MCD,MCD,EPS,QTR,2024,6,2024-07-29,-1.92268
MCD,MCD,EPS,QTR,2024,9,2024-10-29,0.58027
MCD,MCD,EPS,QTR,2024,12,2025-02-10,-0.04594
MCD,MCD,EPS,QTR,2025,3,2025-05-01,0.18913
MCD,MCD,EPS,QTR,2025,6,2025-08-06,0.90415
MCD,MCD,EPS,QTR,2025,9,2025-11-05,-1.62868
MDLZ,KFT,EPS,QTR,2021,12,2022-01-27,-0.30808
MDLZ,KFT,EPS,QTR,2022,3,2022-04-26,2.05509
MDLZ,KFT,EPS,QTR,2022,6,2022-07-26,2.15998
MDLZ,KFT,EPS,QTR,2022,9,2022-11-01,2.60029
MDLZ,KFT,EPS,QTR,2022,12,2023-01-31,1.13729
MDLZ,KFT,EPS,QTR,2023,3,2023-04-27,4.87742
MDLZ,KFT,EPS,QTR,2023,6,2023-07-27,4.8178
MDLZ,KFT,EPS,QTR,2023,9,2023-11-01,2.03259
MDLZ,KFT,EPS,QTR,2023,12,2024-01-30,2.43774
MDLZ,KFT,EPS,QTR,2024,3,2024-04-30,2.64527
MDLZ,KFT,EPS,QTR,2024,6,2024-07-30,4.80088
MDLZ,KFT,EPS,QTR,2024,9,2024-10-29,6.84216
MDLZ,KFT,EPS,QTR,2024,12,2025-02-04,-0.2195
MDLZ,KFT,EPS,QTR,2025,3,2025-04-29,3.32328
MDLZ,KFT,EPS,QTR,2025,6,2025-07-29,2.11474
MDLZ,KFT,EPS,QTR,2025,9,2025-10-28,0.56213
MDT,MDT,EPS,QTR,2022,1,2022-02-22,0.48875
MDT,MDT,EPS,QTR,2022,4,2022-05-26,-5.37478
MDT,MDT,EPS,QTR,2022,7,2022-08-23,0.57986
MDT,MDT,EPS,QTR,2022,10,2022-11-22,2.14873
MDT,MDT,EPS,QTR,2023,1,2023-02-21,2.38478
MDT,MDT,EPS,QTR,2023,4,2023-05-25,1.60061
MDT,MDT,EPS,QTR,2023,7,2023-08-22,11.76067
MDT,MDT,EPS,QTR,2023,10,2023-11-21,7.45369
MDT,MDT,EPS,QTR,2024,1,2024-02-20,6.72425
MDT,MDT,EPS,QTR,2024,4,2024-05-23,1.84876
MDT,MDT,EPS,QTR,2024,7,2024-08-20,5.99265
MDT,MDT,EPS,QTR,2024,10,2024-11-19,0.9063
MDT,MDT,EPS,QTR,2025,1,2025-02-18,5.38829
MDT,MDT,EPS,QTR,2025,4,2025-05-21,5.39012
MDT,MDT,EPS,QTR,2025,7,2025-08-19,4.95419
MDT,MDT,EPS,QTR,2025,10,2025-11-18,9.35423
MET,METL,EPS,QTR,2021,12,2022-02-02,2.93888
MET,METL,EPS,QTR,2022,3,2022-05-04,2.59486
MET,METL,EPS,QTR,2022,6,2022-08-03,2.04538
MET,METL,EPS,QTR,2022,9,2022-11-02,0.13869
MET,METL,EPS,QTR,2022,12,2023-02-01,-0.643
MET,METL,EPS,QTR,2023,3,2023-05-03,-1.97499
MET,METL,EPS,QTR,2023,6,2023-08-02,0.51213
MET,METL,EPS,QTR,2023,9,2023-11-01,0.11994
MET,METL,EPS,QTR,2023,12,2024-01-31,0.33118
MET,METL,EPS,QTR,2024,3,2024-05-01,0.1663
MET,METL,EPS,QTR,2024,6,2024-07-31,3.0193
MET,METL,EPS,QTR,2024,9,2024-10-30,-1.7453
MET,METL,EPS,QTR,2024,12,2025-02-05,-0.21944
MET,METL,EPS,QTR,2025,3,2025-04-30,-1.24198
MET,METL,EPS,QTR,2025,6,2025-08-06,-1.95251
MET,METL,EPS,QTR,2025,9,2025-11-05,0.59339
META,FBK,EPS,QTR,2022,6,2022-07-27,-0.52921
META,FBK,EPS,QTR,2022,9,2022-10-26,-0.98852
META,FBK,EPS,QTR,2022,12,2023-02-01,-1.95347
META,FBK,EPS,QTR,2023,3,2023-04-26,0.46542
META,FBK,EPS,QTR,2023,6,2023-07-26,0.23989
META,FBK,EPS,QTR,2023,9,2023-10-25,3.00972
META,FBK,EPS,QTR,2023,12,2024-02-01,1.32595
META,FBK,EPS,QTR,2024,3,2024-04-24,1.5118
META,FBK,EPS,QTR,2024,6,2024-07-31,1.6882
META,FBK,EPS,QTR,2024,9,2024-10-30,3.18033
META,FBK,EPS,QTR,2024,12,2025-01-29,5.05313
META,FBK,EPS,QTR,2025,3,2025-04-30,3.50227
META,FBK,EPS,QTR,2025,6,2025-07-30,2.9451
META,FBK,EPS,QTR,2025,9,2025-10-29,1.44134
MMM,MMM,EPS,QTR,2021,12,2022-01-25,6.04754
MMM,MMM,EPS,QTR,2022,3,2022-04-26,5.76514
MMM,MMM,EPS,QTR,2022,6,2022-07-26,0.68253
MMM,MMM,EPS,QTR,2022,9,2022-10-25,1.21312
MMM,MMM,EPS,QTR,2022,12,2023-01-24,-1.69731
MMM,MMM,EPS,QTR,2023,3,2023-04-25,6.02535
MMM,MMM,EPS,QTR,2023,6,2023-07-25,5.66939
MMM,MMM,EPS,QTR,2023,9,2023-10-24,9.59804
MMM,MMM,EPS,QTR,2023,12,2024-01-23,2.72488
MMM,MMM,EPS,QTR,2024,3,2024-04-30,8.89594
MMM,MMM,EPS,QTR,2024,6,2024-07-26,4.20596
MMM,MMM,EPS,QTR,2024,9,2024-10-22,1.12884
MMM,MMM,EPS,QTR,2024,12,2025-01-21,0.61965
MMM,MMM,EPS,QTR,2025,3,2025-04-22,3.36893
MMM,MMM,EPS,QTR,2025,6,2025-07-18,5.02265
MMM,MMM,EPS,QTR,2025,9,2025-10-21,2.40613
MO,MO,EPS,QTR,2021,12,2022-01-27,0.29673
MO,MO,EPS,QTR,2022,3,2022-04-28,1.16766
MO,MO,EPS,QTR,2022,6,2022-07-28,0.31503
MO,MO,EPS,QTR,2022,9,2022-10-27,-0.88194
MO,MO,EPS,QTR,2022,12,2023-02-01,0.41001
MO,MO,EPS,QTR,2023,3,2023-04-27,-0.28013
MO,MO,EPS,QTR,2023,6,2023-08-01,0.47574
MO,MO,EPS,QTR,2023,9,2023-10-26,-0.53032
MO,MO,EPS,QTR,2023,12,2024-02-01,0.3113
MO,MO,EPS,QTR,2024,3,2024-04-25,0.04866
MO,MO,EPS,QTR,2024,6,2024-07-31,-1.84121
MO,MO,EPS,QTR,2024,9,2024-10-31,1.57523
MO,MO,EPS,QTR,2024,12,2025-01-30,0.11814
MO,MO,EPS,QTR,2025,3,2025-04-29,1.80522
MO,MO,EPS,QTR,2025,6,2025-07-30,2.79896
MO,MO,EPS,QTR,2025,9,2025-10-30,0.10243
MRK,MRK,EPS,QTR,2021,12,2022-02-03,2.6695
MRK,MRK,EPS,QTR,2022,3,2022-04-28,2.1296
MRK,MRK,EPS,QTR,2022,6,2022-07-28,2.59685
MRK,MRK,EPS,QTR,2022,9,2022-10-27,1.5397
MRK,MRK,EPS,QTR,2022,12,2023-02-02,1.36442
MRK,MRK,EPS,QTR,2023,3,2023-04-27,1.05945
MRK,MRK,EPS,QTR,2023,6,2023-08-01,1.47724
MRK,MRK,EPS,QTR,2023,9,2023-10-26,2.41932
MRK,MRK,EPS,QTR,2023,12,2024-02-01,3.88582
MRK,MRK,EPS,QTR,2024,3,2024-04-25,2.21753
MRK,MRK,EPS,QTR,2024,6,2024-07-30,2.3862
MRK,MRK,EPS,QTR,2024,9,2024-10-31,0.5486
MRK,MRK,EPS,QTR,2024,12,2025-02-04,3.88293
MRK,MRK,EPS,QTR,2025,3,2025-04-24,1.61108
MRK,MRK,EPS,QTR,2025,6,2025-07-29,3.04717
MRK,MRK,EPS,QTR,2025,9,2025-10-30,7.73052
MS,DWD,EPS,QTR,2021,12,2022-01-19,1.08032
MS,DWD,EPS,QTR,2022,3,2022-04-14,3.09672
MS,DWD,EPS,QTR,2022,6,2022-07-14,-1.24424
MS,DWD,EPS,QTR,2022,9,2022-10-14,-0.14266
MS,DWD,EPS,QTR,2022,12,2023-01-17,0.63433
MS,DWD,EPS,QTR,2023,3,2023-04-19,0.39747
MS,DWD,EPS,QTR,2023,6,2023-07-18,0.70733
MS,DWD,EPS,QTR,2023,9,2023-10-18,1.06112
MS,DWD,EPS,QTR,2023,12,2024-01-16,-0.17974
MS,DWD,EPS,QTR,2024,3,2024-04-16,4.47145
MS,DWD,EPS,QTR,2024,6,2024-07-16,3.30686
MS,DWD,EPS,QTR,2024,9,2024-10-16,4.08253
MS,DWD,EPS,QTR,2024,12,2025-01-16,6.29969
MS,DWD,EPS,QTR,2025,3,2025-04-11,3.88081
MS,DWD,EPS,QTR,2025,6,2025-07-16,1.79322
MS,DWD,EPS,QTR,2025,9,2025-10-15,7.12683
MSFT,MSFT,EPS,QTR,2021,12,2022-01-25,4.37477
MSFT,MSFT,EPS,QTR,2022,3,2022-04-26,1.17377
MSFT,MSFT,EPS,QTR,2022,6,2022-07-26,-2.41542
MSFT,MSFT,EPS,QTR,2022,9,2022-10-25,1.28303
MSFT,MSFT,EPS,QTR,2022,12,2023-01-24,0.31491
MSFT,MSFT,EPS,QTR,2023,3,2023-04-25,6.37597
MSFT,MSFT,EPS,QTR,2023,6,2023-07-25,3.35988
MSFT,MSFT,EPS,QTR,2023,9,2023-10-24,10.35382
MSFT,MSFT,EPS,QTR,2023,12,2024-01-30,1.4504
MSFT,MSFT,EPS,QTR,2024,3,2024-04-25,3.13959
MSFT,MSFT,EPS,QTR,2024,6,2024-07-30,0.199
MSFT,MSFT,EPS,QTR,2024,9,2024-10-30,5.29467
MSFT,MSFT,EPS,QTR,2024,12,2025-01-29,1.38168
MSFT,MSFT,EPS,QTR,2025,3,2025-04-30,3.59623
MSFT,MSFT,EPS,QTR,2025,6,2025-07-30,5.10575
MSFT,MSFT,EPS,QTR,2025,9,2025-10-29,9.22375
NEE,FPL,EPS,QTR,2021,12,2022-01-25,0.3143
NEE,FPL,EPS,QTR,2022,3,2022-04-21,0.82712
NEE,FPL,EPS,QTR,2022,6,2022-07-22,0.76759
NEE,FPL,EPS,QTR,2022,9,2022-10-28,2.67066
NEE,FPL,EPS,QTR,2022,12,2023-01-25,0.92058
NEE,FPL,EPS,QTR,2023,3,2023-04-25,0.90234
NEE,FPL,EPS,QTR,2023,6,2023-07-25,1.75063
NEE,FPL,EPS,QTR,2023,9,2023-10-24,1.91615
NEE,FPL,EPS,QTR,2023,12,2024-01-25,0.68451
NEE,FPL,EPS,QTR,2024,3,2024-04-23,1.45618
NEE,FPL,EPS,QTR,2024,6,2024-07-24,-0.23391
NEE,FPL,EPS,QTR,2024,9,2024-10-23,1.56694
NEE,FPL,EPS,QTR,2024,12,2025-01-24,0.20189
NEE,FPL,EPS,QTR,2025,3,2025-04-23,0.45282
NEE,FPL,EPS,QTR,2025,6,2025-07-23,1.06645
NEE,FPL,EPS,QTR,2025,9,2025-10-28,1.20215
NFLX,NFLX,EPS,QTR,2021,12,2022-01-20,5.31735
NFLX,NFLX,EPS,QTR,2022,3,2022-04-19,5.36372
NFLX,NFLX,EPS,QTR,2022,6,2022-07-19,1.93807
NFLX,NFLX,EPS,QTR,2022,9,2022-10-18,16.62656
NFLX,NFLX,EPS,QTR,2022,12,2023-01-19,-2.06218
NFLX,NFLX,EPS,QTR,2023,3,2023-04-18,0.21064
NFLX,NFLX,EPS,QTR,2023,6,2023-07-19,3.38644
NFLX,NFLX,EPS,QTR,2023,9,2023-10-18,2.1877
NFLX,NFLX,EPS,QTR,2023,12,2024-01-23,-0.67806
NFLX,NFLX,EPS,QTR,2024,3,2024-04-18,12.22422
NFLX,NFLX,EPS,QTR,2024,6,2024-07-18,1.2517
NFLX,NFLX,EPS,QTR,2024,9,2024-10-17,3.84084
NFLX,NFLX,EPS,QTR,2024,12,2025-01-21,0.52649
NFLX,NFLX,EPS,QTR,2025,3,2025-04-17,3.39178
NFLX,NFLX,EPS,QTR,2025,6,2025-07-17,1.04466
NFLX,NFLX,EPS,QTR,2025,9,2025-10-21,-5.27068
NKE,NIKE,EPS,QTR,2022,2,2022-03-21,2.52601
NKE,NIKE,EPS,QTR,2022,5,2022-06-27,1.73408
NKE,NIKE,EPS,QTR,2022,8,2022-09-29,0.15254
NKE,NIKE,EPS,QTR,2022,11,2022-12-20,3.43388
NKE,NIKE,EPS,QTR,2023,2,2023-03-21,3.3591
NKE,NIKE,EPS,QTR,2023,5,2023-06-29,-0.15229
NKE,NIKE,EPS,QTR,2023,8,2023-09-28,6.39655
NKE,NIKE,EPS,QTR,2023,11,2023-12-21,7.13718
NKE,NIKE,EPS,QTR,2024,2,2024-03-21,0.33547
NKE,NIKE,EPS,QTR,2024,5,2024-06-27,3.7109
NKE,NIKE,EPS,QTR,2024,8,2024-10-01,5.09344
NKE,NIKE,EPS,QTR,2024,11,2024-12-19,3.06947
NKE,NIKE,EPS,QTR,2025,2,2025-03-20,5.52648
NKE,NIKE,EPS,QTR,2025,5,2025-06-26,0.19157
NKE,NIKE,EPS,QTR,2025,8,2025-09-30,5.40709
NKE,NIKE,EPS,QTR,2025,11,2025-12-18,4.21435
NOW,NOWZ,EPS,QTR,2021,12,2022-01-26,0.56684
NOW,NOWZ,EPS,QTR,2022,3,2022-04-27,0.68281
NOW,NOWZ,EPS,QTR,2022,6,2022-07-27,1.98693
NOW,NOWZ,EPS,QTR,2022,9,2022-10-26,3.22806
NOW,NOWZ,EPS,QTR,2022,12,2023-01-25,4.73561
NOW,NOWZ,EPS,QTR,2023,3,2023-04-26,5.37036
NOW,NOWZ,EPS,QTR,2023,6,2023-07-26,3.1445
NOW,NOWZ,EPS,QTR,2023,9,2023-10-24,3.83138
NOW,NOWZ,EPS,QTR,2023,12,2024-01-24,2.94029
NOW,NOWZ,EPS,QTR,2024,3,2024-04-24,2.95718
NOW,NOWZ,EPS,QTR,2024,6,2024-07-24,3.17501
NOW,NOWZ,EPS,QTR,2024,9,2024-10-23,2.41117
NOW,NOWZ,EPS,QTR,2024,12,2025-01-29,0.00075
NOW,NOWZ,EPS,QTR,2025,3,2025-04-23,1.86123
NOW,NOWZ,EPS,QTR,2025,6,2025-07-23,4.32559
NOW,NOWZ,EPS,QTR,2025,9,2025-10-29,4.22259
NVDA,NVDA,EPS,QTR,2022,1,2022-02-16,8.616
NVDA,NVDA,EPS,QTR,2022,4,2022-05-25,4.13868
NVDA,NVDA,EPS,QTR,2022,7,2022-08-24,-21.47224
NVDA,NVDA,EPS,QTR,2022,10,2022-11-16,-2.55114
NVDA,NVDA,EPS,QTR,2023,1,2023-02-22,4.31218
NVDA,NVDA,EPS,QTR,2023,4,2023-05-24,6.20165
NVDA,NVDA,EPS,QTR,2023,7,2023-08-23,4.95557
NVDA,NVDA,EPS,QTR,2023,10,2023-11-21,7.78577
NVDA,NVDA,EPS,QTR,2024,1,2024-02-21,2.08467
NVDA,NVDA,EPS,QTR,2024,4,2024-05-22,2.51776
NVDA,NVDA,EPS,QTR,2024,7,2024-08-28,1.61656
NVDA,NVDA,EPS,QTR,2024,10,2024-11-20,3.0017
NVDA,NVDA,EPS,QTR,2025,1,2025-02-26,1.79288
NVDA,NVDA,EPS,QTR,2025,4,2025-05-28,1.12712
NVDA,NVDA,EPS,QTR,2025,7,2025-08-27,1.15022
NVDA,NVDA,EPS,QTR,2025,10,2025-11-19,1.51574
ORCL,ORCL,EPS,QTR,2022,2,2022-03-10,-1.55265
ORCL,ORCL,EPS,QTR,2022,5,2022-06-13,5.35413
ORCL,ORCL,EPS,QTR,2022,8,2022-09-12,-1.72493
ORCL,ORCL,EPS,QTR,2022,11,2022-12-12,2.17179
ORCL,ORCL,EPS,QTR,2023,2,2023-03-09,1.24842
ORCL,ORCL,EPS,QTR,2023,5,2023-06-12,6.34183
ORCL,ORCL,EPS,QTR,2023,8,2023-09-11,2.22568
ORCL,ORCL,EPS,QTR,2023,11,2023-12-11,1.2957
ORCL,ORCL,EPS,QTR,2024,2,2024-03-11,2.85643
ORCL,ORCL,EPS,QTR,2024,5,2024-06-11,-0.97054
ORCL,ORCL,EPS,QTR,2024,8,2024-09-09,4.08446
ORCL,ORCL,EPS,QTR,2024,11,2024-12-09,-0.93189
ORCL,ORCL,EPS,QTR,2025,2,2025-03-10,-0.79535
ORCL,ORCL,EPS,QTR,2025,5,2025-06-11,3.47244
ORCL,ORCL,EPS,QTR,2025,8,2025-09-09,-0.35548
ORCL,ORCL,EPS,QTR,2025,11,2025-12-10,18.02106
PEP,PEP,EPS,QTR,2021,12,2022-02-10,0.49119
PEP,PEP,EPS,QTR,2022,3,2022-04-26,2.92624
PEP,PEP,EPS,QTR,2022,6,2022-07-12,3.39516
PEP,PEP,EPS,QTR,2022,9,2022-10-12,4.34797
PEP,PEP,EPS,QTR,2022,12,2023-02-09,0.66923
PEP,PEP,EPS,QTR,2023,3,2023-04-25,2.54534
PEP,PEP,EPS,QTR,2023,6,2023-07-13,3.51834
PEP,PEP,EPS,QTR,2023,9,2023-10-10,3.68245
PEP,PEP,EPS,QTR,2023,12,2024-02-09,3.89776
PEP,PEP,EPS,QTR,2024,3,2024-04-23,5.75237
PEP,PEP,EPS,QTR,2024,6,2024-07-11,4.15423
PEP,PEP,EPS,QTR,2024,9,2024-10-08,1.15442
PEP,PEP,EPS,QTR,2024,12,2025-02-04,1.27346
PEP,PEP,EPS,QTR,2025,3,2025-04-24,-0.39828
PEP,PEP,EPS,QTR,2025,6,2025-07-17,5.98436
PEP,PEP,EPS,QTR,2025,9,2025-10-09,1.31832
PFE,PFE,EPS,QTR,2021,12,2022-02-08,3.79174
PFE,PFE,EPS,QTR,2022,3,2022-05-03,0.64613
PFE,PFE,EPS,QTR,2022,6,2022-07-28,2.87194
PFE,PFE,EPS,QTR,2022,9,2022-11-01,3.17573
PFE,PFE,EPS,QTR,2022,12,2023-01-31,1.53068
PFE,PFE,EPS,QTR,2023,3,2023-05-02,1.95257
PFE,PFE,EPS,QTR,2023,6,2023-08-01,2.01378
PFE,PFE,EPS,QTR,2023,9,2023-10-31,1.72706
PFE,PFE,EPS,QTR,2023,12,2024-01-30,2.90613
PFE,PFE,EPS,QTR,2024,3,2024-05-01,3.05552
PFE,PFE,EPS,QTR,2024,6,2024-07-30,1.89539
PFE,PFE,EPS,QTR,2024,9,2024-10-29,3.68583
PFE,PFE,EPS,QTR,2024,12,2025-02-04,1.84124
PFE,PFE,EPS,QTR,2025,3,2025-04-29,6.22253
PFE,PFE,EPS,QTR,2025,6,2025-08-05,6.57246
PFE,PFE,EPS,QTR,2025,9,2025-11-04,4.37688
PG,PG,EPS,QTR,2021,12,2022-01-19,0.21949
PG,PG,EPS,QTR,2022,3,2022-04-20,1.31325
PG,PG,EPS,QTR,2022,6,2022-07-29,-0.46314
PG,PG,EPS,QTR,2022,9,2022-10-19,0.74545
PG,PG,EPS,QTR,2022,12,2023-01-19,0.02245
PG,PG,EPS,QTR,2023,3,2023-04-21,4.12997
PG,PG,EPS,QTR,2023,6,2023-07-28,2.67037
PG,PG,EPS,QTR,2023,9,2023-10-18,4.45648
PG,PG,EPS,QTR,2023,12,2024-01-23,5.58408
PG,PG,EPS,QTR,2024,3,2024-04-19,6.58268
PG,PG,EPS,QTR,2024,6,2024-07-30,1.70908
PG,PG,EPS,QTR,2024,9,2024-10-18,1.09528
PG,PG,EPS,QTR,2024,12,2025-01-22,1.07546
PG,PG,EPS,QTR,2025,3,2025-04-24,0.43138
PG,PG,EPS,QTR,2025,6,2025-07-29,2.80246
PG,PG,EPS,QTR,2025,9,2025-10-24,4.92277
PLTR,PLTR,EPS,QTR,2021,12,2022-02-17,-3.05944
PLTR,PLTR,EPS,QTR,2022,3,2022-05-09,-2.65501
PLTR,PLTR,EPS,QTR,2022,6,2022-08-08,-3.06804
PLTR,PLTR,EPS,QTR,2022,9,2022-11-07,-0.394
PLTR,PLTR,EPS,QTR,2022,12,2023-02-13,1.267
PLTR,PLTR,EPS,QTR,2023,3,2023-05-08,1.60717
PLTR,PLTR,EPS,QTR,2023,6,2023-08-07,-0.16345
PLTR,PLTR,EPS,QTR,2023,9,2023-11-02,3.03449
PLTR,PLTR,EPS,QTR,2023,12,2024-02-05,0.75225
PLTR,PLTR,EPS,QTR,2024,3,2024-05-06,0.18829
PLTR,PLTR,EPS,QTR,2024,6,2024-08-05,1.54551
PLTR,PLTR,EPS,QTR,2024,9,2024-11-04,1.44868
PLTR,PLTR,EPS,QTR,2024,12,2025-02-03,4.37649
PLTR,PLTR,EPS,QTR,2025,3,2025-05-05,0.23631
PLTR,PLTR,EPS,QTR,2025,6,2025-08-04,2.8589
PLTR,PLTR,EPS,QTR,2025,9,2025-11-03,4.65272
PM,PMW,EPS,QTR,2021,12,2022-02-10,0.58023
PM,PMW,EPS,QTR,2022,3,2022-04-21,1.86508
PM,PMW,EPS,QTR,2022,6,2022-07-21,3.50491
PM,PMW,EPS,QTR,2022,9,2022-10-20,1.8109
PM,PMW,EPS,QTR,2022,12,2023-02-09,1.62617
PM,PMW,EPS,QTR,2023,3,2023-04-20,0.85536
PM,PMW,EPS,QTR,2023,6,2023-07-20,6.63361
PM,PMW,EPS,QTR,2023,9,2023-10-19,2.1881
PM,PMW,EPS,QTR,2023,12,2024-02-08,-2.41877
PM,PMW,EPS,QTR,2024,3,2024-04-23,3.46066
PM,PMW,EPS,QTR,2024,6,2024-07-23,0.60749
PM,PMW,EPS,QTR,2024,9,2024-10-22,4.35816
PM,PMW,EPS,QTR,2024,12,2025-02-06,1.03675
PM,PMW,EPS,QTR,2025,3,2025-04-23,3.63345
PM,PMW,EPS,QTR,2025,6,2025-07-22,2.9864
PM,PMW,EPS,QTR,2025,9,2025-10-21,2.9572
PYPL,PYPLV,EPS,QTR,2021,12,2022-02-01,-0.79365
PYPL,PYPLV,EPS,QTR,2022,3,2022-04-27,0.11071
PYPL,PYPLV,EPS,QTR,2022,6,2022-08-02,2.38757
PYPL,PYPLV,EPS,QTR,2022,9,2022-11-03,6.80326
PYPL,PYPLV,EPS,QTR,2022,12,2023-02-09,1.88909
PYPL,PYPLV,EPS,QTR,2023,3,2023-05-08,5.55684
PYPL,PYPLV,EPS,QTR,2023,6,2023-08-02,-0.27528
PYPL,PYPLV,EPS,QTR,2023,9,2023-11-01,4.81029
PYPL,PYPLV,EPS,QTR,2023,12,2024-02-07,13.00289
PYPL,PYPLV,EPS,QTR,2024,3,2024-04-30,5.79485
PYPL,PYPLV,EPS,QTR,2024,6,2024-07-30,6.93546
PYPL,PYPLV,EPS,QTR,2024,9,2024-10-29,5.67694
PYPL,PYPLV,EPS,QTR,2024,12,2025-02-04,2.06379
PYPL,PYPLV,EPS,QTR,2025,3,2025-04-29,10.0247
PYPL,PYPLV,EPS,QTR,2025,6,2025-07-29,7.33263
PYPL,PYPLV,EPS,QTR,2025,9,2025-10-28,6.83728
QCOM,QCOM,EPS,QTR,2021,12,2022-02-02,6.93987
QCOM,QCOM,EPS,QTR,2022,3,2022-04-27,9.13801
QCOM,QCOM,EPS,QTR,2022,6,2022-07-27,2.07986
QCOM,QCOM,EPS,QTR,2022,9,2022-11-02,0.04207
QCOM,QCOM,EPS,QTR,2022,12,2023-02-02,1.03984
QCOM,QCOM,EPS,QTR,2023,3,2023-05-03,0.05453
QCOM,QCOM,EPS,QTR,2023,6,2023-08-02,3.04314
QCOM,QCOM,EPS,QTR,2023,9,2023-11-01,3.79508
QCOM,QCOM,EPS,QTR,2023,12,2024-01-31,8.23048
QCOM,QCOM,EPS,QTR,2024,3,2024-05-01,1.99997
QCOM,QCOM,EPS,QTR,2024,6,2024-07-31,1.64276
QCOM,QCOM,EPS,QTR,2024,9,2024-11-06,6.06106
QCOM,QCOM,EPS,QTR,2024,12,2025-02-05,8.02912
QCOM,QCOM,EPS,QTR,2025,3,2025-04-30,0.82837
QCOM,QCOM,EPS,QTR,2025,6,2025-07-30,1.50625
QCOM,QCOM,EPS,QTR,2025,9,2025-11-05,3.52406
RTX,UTX,EPS,QTR,2021,12,2022-01-25,1.89632
RTX,UTX,EPS,QTR,2022,3,2022-04-26,2.87721
RTX,UTX,EPS,QTR,2022,6,2022-07-26,2.15277
RTX,UTX,EPS,QTR,2022,9,2022-10-25,1.55708
RTX,UTX,EPS,QTR,2022,12,2023-01-24,0.85549
RTX,UTX,EPS,QTR,2023,3,2023-04-25,2.42584
RTX,UTX,EPS,QTR,2023,6,2023-07-25,4.22509
RTX,UTX,EPS,QTR,2023,9,2023-10-24,1.18917
RTX,UTX,EPS,QTR,2023,12,2024-01-23,1.63573
RTX,UTX,EPS,QTR,2024,3,2024-04-23,2.73608
RTX,UTX,EPS,QTR,2024,6,2024-07-25,3.02383
RTX,UTX,EPS,QTR,2024,9,2024-10-22,2.26268
RTX,UTX,EPS,QTR,2024,12,2025-01-28,5.70282
RTX,UTX,EPS,QTR,2025,3,2025-04-22,2.84467
RTX,UTX,EPS,QTR,2025,6,2025-07-22,2.86927
RTX,UTX,EPS,QTR,2025,9,2025-10-21,10.4402
SBUX,SBUX,EPS,QTR,2021,12,2022-02-01,-2.34954
SBUX,SBUX,EPS,QTR,2022,3,2022-05-03,-0.09266
SBUX,SBUX,EPS,QTR,2022,6,2022-08-02,1.13065
SBUX,SBUX,EPS,QTR,2022,9,2022-11-03,2.32804
SBUX,SBUX,EPS,QTR,2022,12,2023-02-02,-0.71942
SBUX,SBUX,EPS,QTR,2023,3,2023-05-02,3.43341
SBUX,SBUX,EPS,QTR,2023,6,2023-08-01,2.37305
SBUX,SBUX,EPS,QTR,2023,9,2023-11-02,3.71317
SBUX,SBUX,EPS,QTR,2023,12,2024-01-30,-0.78176
SBUX,SBUX,EPS,QTR,2024,3,2024-04-30,-2.84228
SBUX,SBUX,EPS,QTR,2024,6,2024-07-30,-0.16838
SBUX,SBUX,EPS,QTR,2024,9,2024-10-30,-6.94071
SBUX,SBUX,EPS,QTR,2024,12,2025-01-28,0.4269
SBUX,SBUX,EPS,QTR,2025,3,2025-04-29,-1.98931
SBUX,SBUX,EPS,QTR,2025,6,2025-07-29,-0.58446
SBUX,SBUX,EPS,QTR,2025,9,2025-10-29,-0.68909
SCHW,SCH,EPS,QTR,2021,12,2022-01-18,-1.04455
SCHW,SCH,EPS,QTR,2022,3,2022-04-18,-1.8845
SCHW,SCH,EPS,QTR,2022,6,2022-07-18,3.14116
SCHW,SCH,EPS,QTR,2022,9,2022-10-17,2.66281
SCHW,SCH,EPS,QTR,2022,12,2023-01-18,0.05465
SCHW,SCH,EPS,QTR,2023,3,2023-04-17,1.63081
SCHW,SCH,EPS,QTR,2023,6,2023-07-18,1.4733
SCHW,SCH,EPS,QTR,2023,9,2023-10-16,1.29838
SCHW,SCH,EPS,QTR,2023,12,2024-01-17,0.93756
SCHW,SCH,EPS,QTR,2024,3,2024-04-15,0.3577
SCHW,SCH,EPS,QTR,2024,9,2024-10-15,1.46196
SCHW,SCH,EPS,QTR,2024,12,2025-01-21,4.2646
SCHW,SCH,EPS,QTR,2025,3,2025-04-17,1.61258
SCHW,SCH,EPS,QTR,2025,6,2025-07-18,1.74716
SCHW,SCH,EPS,QTR,2025,9,2025-10-16,2.48521
SO,SO,EPS,QTR,2021,12,2022-02-17,0.53368
SO,SO,EPS,QTR,2022,3,2022-04-28,2.34237
SO,SO,EPS,QTR,2022,6,2022-07-28,8.20834
SO,SO,EPS,QTR,2022,9,2022-10-27,-0.70697
SO,SO,EPS,QTR,2022,12,2023-02-16,1.78645
SO,SO,EPS,QTR,2023,3,2023-04-27,5.62269
SO,SO,EPS,QTR,2023,6,2023-08-03,2.31625
SO,SO,EPS,QTR,2023,9,2023-11-02,5.20007
SO,SO,EPS,QTR,2023,12,2024-02-15,3.23147
SO,SO,EPS,QTR,2024,3,2024-05-02,3.28876
SO,SO,EPS,QTR,2024,6,2024-08-01,7.18417
SO,SO,EPS,QTR,2024,9,2024-10-31,2.76184
SO,SO,EPS,QTR,2024,12,2025-02-20,-0.37514
SO,SO,EPS,QTR,2025,3,2025-05-01,1.54633
SO,SO,EPS,QTR,2025,6,2025-07-31,0.28514
SO,SO,EPS,QTR,2025,9,2025-10-30,5.46742
SPG,SPPG,EPS,QTR,2021,12,2022-02-07,0.7284
SPG,SPPG,EPS,QTR,2022,3,2022-05-09,0.03873
SPG,SPPG,EPS,QTR,2022,6,2022-08-01,1.1094
SPG,SPPG,EPS,QTR,2022,9,2022-11-01,1.83402
SPG,SPPG,EPS,QTR,2022,12,2023-02-06,3.25138
SPG,SPPG,EPS,QTR,2023,3,2023-05-02,-0.21822
SPG,SPPG,EPS,QTR,2023,6,2023-08-02,-1.15469
SPG,SPPG,EPS,QTR,2023,9,2023-10-30,23.67137
SPG,SPPG,EPS,QTR,2023,12,2024-02-05,2.92583
SPG,SPPG,EPS,QTR,2024,3,2024-05-06,6.26783
SPG,SPPG,EPS,QTR,2024,6,2024-08-05,0.04055
SPG,SPPG,EPS,QTR,2024,9,2024-11-01,-0.95272
SPG,SPPG,EPS,QTR,2024,12,2025-02-04,1.02654
SPG,SPPG,EPS,QTR,2025,3,2025-05-12,-0.73825
SPG,SPPG,EPS,QTR,2025,6,2025-08-04,2.58159
SPG,SPPG,EPS,QTR,2025,9,2025-11-03,2.4609
T,SBC,EPS,QTR,2021,12,2022-01-26,0.68087
T,SBC,EPS,QTR,2022,3,2022-04-21,0.16936
T,SBC,EPS,QTR,2022,6,2022-07-21,0.9704
T,SBC,EPS,QTR,2022,9,2022-10-20,1.56643
T,SBC,EPS,QTR,2022,12,2023-01-25,0.99454
T,SBC,EPS,QTR,2023,3,2023-04-20,0.60799
T,SBC,EPS,QTR,2023,6,2023-07-26,1.11498
T,SBC,EPS,QTR,2023,9,2023-10-19,0.9591
T,SBC,EPS,QTR,2023,12,2024-01-24,-0.8127
T,SBC,EPS,QTR,2024,3,2024-04-24,0.49695
T,SBC,EPS,QTR,2024,6,2024-07-24,-0.07965
T,SBC,EPS,QTR,2024,9,2024-10-23,1.7674
T,SBC,EPS,QTR,2024,12,2025-01-27,1.37156
T,SBC,EPS,QTR,2025,3,2025-04-23,3.55242
T,SBC,EPS,QTR,2025,6,2025-07-23,1.86006
T,SBC,EPS,QTR,2025,9,2025-10-22,0.2687
TGT,DH,EPS,QTR,2022,1,2022-03-01,2.79549
TGT,DH,EPS,QTR,2022,4,2022-05-18,-4.0612
TGT,DH,EPS,QTR,2022,7,2022-08-17,-5.45768
TGT,DH,EPS,QTR,2022,10,2022-11-16,-5.14235
TGT,DH,EPS,QTR,2023,1,2023-02-28,5.00987
TGT,DH,EPS,QTR,2023,4,2023-05-17,2.93309
TGT,DH,EPS,QTR,2023,7,2023-08-16,2.62258
TGT,DH,EPS,QTR,2023,10,2023-11-15,7.43258
TGT,DH,EPS,QTR,2024,1,2024-03-05,5.67373
TGT,DH,EPS,QTR,2024,4,2024-05-22,-0.19305
TGT,DH,EPS,QTR,2024,7,2024-08-21,4.41772
TGT,DH,EPS,QTR,2024,10,2024-11-20,-7.58284
TGT,DH,EPS,QTR,2025,1,2025-03-04,1.70146
TGT,DH,EPS,QTR,2025,4,2025-05-21,-1.7372
TGT,DH,EPS,QTR,2025,7,2025-08-20,0.02135
TGT,DH,EPS,QTR,2025,10,2025-11-19,0.44863
TMO,TMO,EPS,QTR,2021,12,2022-02-02,2.22303
TMO,TMO,EPS,QTR,2022,3,2022-04-28,3.20931
TMO,TMO,EPS,QTR,2022,6,2022-07-28,2.73563
TMO,TMO,EPS,QTR,2022,9,2022-10-26,1.70391
TMO,TMO,EPS,QTR,2022,12,2023-02-01,3.64198
TMO,TMO,EPS,QTR,2023,3,2023-04-26,0.02752
TMO,TMO,EPS,QTR,2023,6,2023-07-26,-4.07692
TMO,TMO,EPS,QTR,2023,9,2023-10-25,0.82817
TMO,TMO,EPS,QTR,2023,12,2024-01-31,0.93776
TMO,TMO,EPS,QTR,2024,3,2024-04-24,11.61779
TMO,TMO,EPS,QTR,2024,6,2024-07-24,6.35369
TMO,TMO,EPS,QTR,2024,9,2024-10-23,0.60088
TMO,TMO,EPS,QTR,2024,12,2025-01-30,2.66817
TMO,TMO,EPS,QTR,2025,3,2025-04-23,1.71598
TMO,TMO,EPS,QTR,2025,6,2025-07-23,6.93281
TMO,TMO,EPS,QTR,2025,9,2025-10-22,7.5553
TMUS,MPCS,EPS,QTR,2021,12,2022-02-02,0.92067
TMUS,MPCS,EPS,QTR,2022,3,2022-04-27,0.71888
TMUS,MPCS,EPS,QTR,2022,6,2022-07-27,0.50235
TMUS,MPCS,EPS,QTR,2022,9,2022-10-27,4.52869
TMUS,MPCS,EPS,QTR,2022,12,2023-02-01,0.61904
TMUS,MPCS,EPS,QTR,2023,3,2023-04-27,1.17767
TMUS,MPCS,EPS,QTR,2023,6,2023-07-27,1.39265
TMUS,MPCS,EPS,QTR,2023,9,2023-10-25,0.45362
TMUS,MPCS,EPS,QTR,2023,12,2024-01-25,-2.63823
TMUS,MPCS,EPS,QTR,2024,3,2024-04-25,1.2755
TMUS,MPCS,EPS,QTR,2024,6,2024-07-31,3.15014
TMUS,MPCS,EPS,QTR,2024,9,2024-10-23,1.77882
TMUS,MPCS,EPS,QTR,2024,12,2025-01-29,1.81838
TMUS,MPCS,EPS,QTR,2025,3,2025-04-24,1.54733
TMUS,MPCS,EPS,QTR,2025,6,2025-07-23,2.95922
TMUS,MPCS,EPS,QTR,2025,9,2025-10-23,1.45001
TSLA,TSLA,EPS,QTR,2021,12,2022-01-26,0.45607
TSLA,TSLA,EPS,QTR,2022,3,2022-04-20,3.52455
TSLA,TSLA,EPS,QTR,2022,6,2022-07-20,1.13953
TSLA,TSLA,EPS,QTR,2022,9,2022-10-19,0.56822
TSLA,TSLA,EPS,QTR,2022,12,2023-01-25,0.56081
TSLA,TSLA,EPS,QTR,2023,3,2023-04-19,-0.00401
TSLA,TSLA,EPS,QTR,2023,6,2023-07-19,1.17832
TSLA,TSLA,EPS,QTR,2023,9,2023-10-18,-0.60487
TSLA,TSLA,EPS,QTR,2023,12,2024-01-24,-0.40508
TSLA,TSLA,EPS,QTR,2024,3,2024-04-23,-0.32459
TSLA,TSLA,EPS,QTR,2024,6,2024-07-23,-1.05319
TSLA,TSLA,EPS,QTR,2024,9,2024-10-23,1.77042
TSLA,TSLA,EPS,QTR,2024,12,2025-01-29,-0.39439
TSLA,TSLA,EPS,QTR,2025,3,2025-04-22,-1.10519
TSLA,TSLA,EPS,QTR,2025,6,2025-07-23,-0.24758
TSLA,TSLA,EPS,QTR,2025,9,2025-10-22,-0.53204
TXN,TXN,EPS,QTR,2021,12,2022-01-25,8.7924
TXN,TXN,EPS,QTR,2022,3,2022-04-26,2.86217
TXN,TXN,EPS,QTR,2022,6,2022-07-26,2.96468
TXN,TXN,EPS,QTR,2022,9,2022-10-25,0.89727
TXN,TXN,EPS,QTR,2022,12,2023-01-24,3.39141
TXN,TXN,EPS,QTR,2023,3,2023-04-25,2.07083
TXN,TXN,EPS,QTR,2023,6,2023-07-25,4.67963
TXN,TXN,EPS,QTR,2023,9,2023-10-24,0.87113
TXN,TXN,EPS,QTR,2023,12,2024-01-23,0.79185
TXN,TXN,EPS,QTR,2024,3,2024-04-23,5.39352
TXN,TXN,EPS,QTR,2024,6,2024-07-23,1.88291
TXN,TXN,EPS,QTR,2024,9,2024-10-22,3.45308
TXN,TXN,EPS,QTR,2024,12,2025-01-23,2.37487
TXN,TXN,EPS,QTR,2025,3,2025-04-23,5.7748
TXN,TXN,EPS,QTR,2025,6,2025-07-22,1.16845
TXN,TXN,EPS,QTR,2025,9,2025-10-21,-0.29084
UBER,UBER,EPS,QTR,2021,12,2022-02-09,0.50103
UBER,UBER,EPS,QTR,2022,3,2022-05-04,0.42341
UBER,UBER,EPS,QTR,2022,6,2022-08-02,-9.53779
UBER,UBER,EPS,QTR,2022,9,2022-11-01,-1.64499
UBER,UBER,EPS,QTR,2022,12,2023-02-08,2.55749
UBER,UBER,EPS,QTR,2023,3,2023-05-02,0.21772
UBER,UBER,EPS,QTR,2023,6,2023-08-01,4.96817
UBER,UBER,EPS,QTR,2023,9,2023-11-07,-0.28113
UBER,UBER,EPS,QTR,2023,12,2024-02-07,10.90644
UBER,UBER,EPS,QTR,2024,3,2024-05-08,-7.31256
UBER,UBER,EPS,QTR,2024,6,2024-08-06,2.10811
UBER,UBER,EPS,QTR,2024,9,2024-10-31,6.46025
UBER,UBER,EPS,QTR,2024,12,2025-02-05,-2.0098
UBER,UBER,EPS,QTR,2025,3,2025-05-07,4.52851
UBER,UBER,EPS,QTR,2025,6,2025-08-06,0.03345
UBER,UBER,EPS,QTR,2025,9,2025-11-04,29.78293
UNH,UNIH,EPS,QTR,2021,12,2022-01-19,3.82984
UNH,UNIH,EPS,QTR,2022,3,2022-04-14,0.57171
UNH,UNIH,EPS,QTR,2022,6,2022-07-15,3.54333
UNH,UNIH,EPS,QTR,2022,9,2022-10-14,4.33501
UNH,UNIH,EPS,QTR,2022,12,2023-01-13,2.76327
UNH,UNIH,EPS,QTR,2023,3,2023-04-14,0.41323
UNH,UNIH,EPS,QTR,2023,6,2023-07-14,0.95451
UNH,UNIH,EPS,QTR,2023,9,2023-10-13,2.07105
UNH,UNIH,EPS,QTR,2023,12,2024-01-12,5.30922
UNH,UNIH,EPS,QTR,2024,3,2024-04-16,2.86287
UNH,UNIH,EPS,QTR,2024,9,2024-10-15,2.18597
UNH,UNIH,EPS,QTR,2024,12,2025-01-16,0.81621
UNH,UNIH,EPS,QTR,2025,3,2025-04-17,-0.22336
UNH,UNIH,EPS,QTR,2025,6,2025-07-29,-0.71157
UNH,UNIH,EPS,QTR,2025,9,2025-10-28,0.45674
UNP,UNP,EPS,QTR,2021,12,2022-01-20,0.9141
UNP,UNP,EPS,QTR,2022,3,2022-04-21,0.24556
UNP,UNP,EPS,QTR,2022,6,2022-07-21,0.94669
UNP,UNP,EPS,QTR,2022,9,2022-10-20,1.68183
UNP,UNP,EPS,QTR,2022,12,2023-01-24,-1.84354
UNP,UNP,EPS,QTR,2023,3,2023-04-20,0.967
UNP,UNP,EPS,QTR,2023,6,2023-07-26,-2.59292
UNP,UNP,EPS,QTR,2023,9,2023-10-19,0.7599
UNP,UNP,EPS,QTR,2023,12,2024-01-25,1.25296
UNP,UNP,EPS,QTR,2024,3,2024-04-25,3.47825
UNP,UNP,EPS,QTR,2024,6,2024-07-25,0.64141
UNP,UNP,EPS,QTR,2024,9,2024-10-24,-0.44281
UNP,UNP,EPS,QTR,2024,12,2025-01-23,6.06252
UNP,UNP,EPS,QTR,2025,3,2025-04-24,-0.89036
UNP,UNP,EPS,QTR,2025,6,2025-07-24,3.43973
UNP,UNP,EPS,QTR,2025,9,2025-10-23,2.28346
UPS,UPS,EPS,QTR,2021,12,2022-02-01,7.69
UPS,UPS,EPS,QTR,2022,3,2022-04-26,2.21216
UPS,UPS,EPS,QTR,2022,6,2022-07-26,1.78972
UPS,UPS,EPS,QTR,2022,9,2022-10-25,2.2801
UPS,UPS,EPS,QTR,2022,12,2023-01-31,0.65597
UPS,UPS,EPS,QTR,2023,3,2023-04-25,-0.10245
UPS,UPS,EPS,QTR,2023,6,2023-08-08,0.82615
UPS,UPS,EPS,QTR,2023,9,2023-10-26,0.64813
UPS,UPS,EPS,QTR,2023,12,2024-01-30,0.10156
UPS,UPS,EPS,QTR,2024,3,2024-04-23,2.04788
UPS,UPS,EPS,QTR,2024,6,2024-07-23,-3.69028
UPS,UPS,EPS,QTR,2024,9,2024-10-24,2.11943
UPS,UPS,EPS,QTR,2024,12,2025-01-30,5.15152
UPS,UPS,EPS,QTR,2025,3,2025-04-29,1.67576
UPS,UPS,EPS,QTR,2025,6,2025-07-29,-0.24702
UPS,UPS,EPS,QTR,2025,9,2025-10-28,6.7437
USB,FNAC,EPS,QTR,2021,12,2022-01-19,-0.58828
USB,FNAC,EPS,QTR,2022,3,2022-04-14,1.69781
USB,FNAC,EPS,QTR,2022,6,2022-07-15,0.50754
USB,FNAC,EPS,QTR,2022,9,2022-10-14,0.2672
USB,FNAC,EPS,QTR,2022,12,2023-01-25,0.58727
USB,FNAC,EPS,QTR,2023,3,2023-04-19,0.79946
USB,FNAC,EPS,QTR,2023,6,2023-07-19,-0.0842
USB,FNAC,EPS,QTR,2023,9,2023-10-18,0.73805
USB,FNAC,EPS,QTR,2023,12,2024-01-17,0.43018
USB,FNAC,EPS,QTR,2024,3,2024-04-17,0.83727
USB,FNAC,EPS,QTR,2024,9,2024-10-16,3.79711
USB,FNAC,EPS,QTR,2024,12,2025-01-16,0.60339
USB,FNAC,EPS,QTR,2025,3,2025-04-16,2.77008
USB,FNAC,EPS,QTR,2025,6,2025-07-17,2.25148
USB,FNAC,EPS,QTR,2025,9,2025-10-16,4.56177
V,VISA,EPS,QTR,2021,12,2022-01-27,3.56161
V,VISA,EPS,QTR,2022,3,2022-04-26,4.87813
V,VISA,EPS,QTR,2022,6,2022-07-26,8.23977
V,VISA,EPS,QTR,2022,9,2022-10-25,2.41596
V,VISA,EPS,QTR,2022,12,2023-01-26,6.85929
V,VISA,EPS,QTR,2023,3,2023-04-25,2.80878
V,VISA,EPS,QTR,2023,6,2023-07-25,1.49601
V,VISA,EPS,QTR,2023,9,2023-10-24,3.46717
V,VISA,EPS,QTR,2023,12,2024-01-25,2.77984
V,VISA,EPS,QTR,2024,3,2024-04-23,1.51523
V,VISA,EPS,QTR,2024,6,2024-07-23,0.08138
V,VISA,EPS,QTR,2024,9,2024-10-29,6.19546
V,VISA,EPS,QTR,2024,12,2025-01-30,4.45914
V,VISA,EPS,QTR,2025,3,2025-04-29,2.5408
V,VISA,EPS,QTR,2025,6,2025-07-29,4.33792
V,VISA,EPS,QTR,2025,9,2025-10-28,0.34108
VZ,BEL,EPS,QTR,2021,12,2022-01-25,1.55821
VZ,BEL,EPS,QTR,2022,3,2022-04-22,0.17839
VZ,BEL,EPS,QTR,2022,6,2022-07-22,-0.56559
VZ,BEL,EPS,QTR,2022,9,2022-10-21,2.0227
VZ,BEL,EPS,QTR,2022,12,2023-01-24,0.07944
VZ,BEL,EPS,QTR,2023,3,2023-04-25,0.15723
VZ,BEL,EPS,QTR,2023,6,2023-07-25,3.3824
VZ,BEL,EPS,QTR,2023,9,2023-10-24,1.53831
VZ,BEL,EPS,QTR,2023,12,2024-01-23,0.17553
VZ,BEL,EPS,QTR,2024,3,2024-04-22,1.99892
VZ,BEL,EPS,QTR,2024,6,2024-07-22,0.27851
VZ,BEL,EPS,QTR,2024,9,2024-10-22,1.02439
VZ,BEL,EPS,QTR,2024,12,2025-01-24,0.24677
VZ,BEL,EPS,QTR,2025,3,2025-04-22,3.091
VZ,BEL,EPS,QTR,2025,6,2025-07-21,2.49098
VZ,BEL,EPS,QTR,2025,9,2025-10-29,1.84403
WFC,NOB,EPS,QTR,2021,12,2022-01-14,0.78099
WFC,NOB,EPS,QTR,2022,3,2022-04-14,1.26876
WFC,NOB,EPS,QTR,2022,6,2022-07-15,0.26074
WFC,NOB,EPS,QTR,2022,9,2022-10-14,4.83394
WFC,NOB,EPS,QTR,2022,12,2023-01-13,-0.28594
WFC,NOB,EPS,QTR,2023,3,2023-04-14,1.04123
WFC,NOB,EPS,QTR,2023,6,2023-07-14,1.42376
WFC,NOB,EPS,QTR,2023,9,2023-10-13,2.25027
WFC,NOB,EPS,QTR,2023,12,2024-01-12,0.95786
WFC,NOB,EPS,QTR,2024,3,2024-04-12,2.69463
WFC,NOB,EPS,QTR,2024,9,2024-10-11,4.06969
WFC,NOB,EPS,QTR,2024,12,2025-01-15,4.88702
WFC,NOB,EPS,QTR,2025,3,2025-04-11,1.40776
WFC,NOB,EPS,QTR,2025,6,2025-07-15,2.95635
WFC,NOB,EPS,QTR,2025,9,2025-10-14,3.74551
WMT,WMT,EPS,QTR,2022,1,2022-02-17,1.06676
WMT,WMT,EPS,QTR,2022,4,2022-05-17,-3.17522
WMT,WMT,EPS,QTR,2022,7,2022-08-16,11.54732
WMT,WMT,EPS,QTR,2022,10,2022-11-15,6.93426
WMT,WMT,EPS,QTR,2023,1,2023-02-21,4.54407
WMT,WMT,EPS,QTR,2023,4,2023-05-18,4.19774
WMT,WMT,EPS,QTR,2023,7,2023-08-17,2.88963
WMT,WMT,EPS,QTR,2023,10,2023-11-16,0.13922
WMT,WMT,EPS,QTR,2024,1,2024-02-20,4.19207
WMT,WMT,EPS,QTR,2024,4,2024-05-16,7.52708
WMT,WMT,EPS,QTR,2024,7,2024-08-15,2.526
WMT,WMT,EPS,QTR,2024,10,2024-11-19,3.79096
WMT,WMT,EPS,QTR,2025,1,2025-02-20,0.8658
WMT,WMT,EPS,QTR,2025,4,2025-05-15,2.30244
WMT,WMT,EPS,QTR,2025,7,2025-08-21,-1.45746
WMT,WMT,EPS,QTR,2025,10,2025-11-20,1.42915
XOM,XON,EPS,QTR,2021,12,2022-02-01,0.8424
XOM,XON,EPS,QTR,2022,3,2022-04-29,-0.26571
XOM,XON,EPS,QTR,2022,6,2022-07-29,0.92511
XOM,XON,EPS,QTR,2022,9,2022-10-28,1.93694
XOM,XON,EPS,QTR,2022,12,2023-01-31,0.86693
XOM,XON,EPS,QTR,2023,3,2023-04-28,1.15603
XOM,XON,EPS,QTR,2023,6,2023-07-28,-1.02038
XOM,XON,EPS,QTR,2023,9,2023-10-27,-1.68278
XOM,XON,EPS,QTR,2023,12,2024-02-02,4.51788
XOM,XON,EPS,QTR,2024,3,2024-04-26,-1.29152
XOM,XON,EPS,QTR,2024,6,2024-08-02,2.01085
XOM,XON,EPS,QTR,2024,9,2024-11-01,0.95881
XOM,XON,EPS,QTR,2024,12,2025-01-31,1.27977
XOM,XON,EPS,QTR,2025,3,2025-05-02,0.61264
XOM,XON,EPS,QTR,2025,6,2025-08-01,1.22626
XOM,XON,EPS,QTR,2025,9,2025-10-31,1.24344
